id_gene,id_string,gene,UpCyte_vs_Gonia,DownCyte_vs_Tid,logCPM_up,logFC_up,FDR_up,logCPM_down,logFC_down,FDR_down,biotype
ENSG00000000457,9606.ENSP00000356746,SCYL3,True,True,5.29714821312487,2.40319432830457,0.0027934845419088,5.3755676492067,-3.4172121730727,0.00693142972350456,protein_coding
ENSG00000004975,9606.ENSP00000005340,DVL2,True,True,4.8924134744446,-2.16241163743743,0.0567867644829354,3.00876652589655,-4.86241745443061,0.00590256261127946,protein_coding
ENSG00000005007,9606.ENSP00000470142,UPF1,True,True,5.54716237919092,1.84312606027362,0.00961959510622798,5.757886822634702,-1.31851869273781,0.170394120097984,protein_coding
ENSG00000005175,9606.ENSP00000005386,RPAP3,True,True,4.782222875437321,0.7798719475797309,0.32341455345969605,4.51256431156915,-3.85485775044412,0.0017813148745071,protein_coding
ENSG00000005469,9606.ENSP00000413575,CROT,True,True,1.99869409282013,-0.8370281761185729,0.512701047049125,1.06646404675859,-8.80830657612765,0.000100688140765356,protein_coding
ENSG00000006576,9606.ENSP00000403042,PHTF2,True,True,3.83211200619788,-0.904375934451744,0.28482445110113697,2.82485897639287,-6.755528152618838,1.17897838645019e-05,protein_coding
ENSG00000007516,9606.ENSP00000324510,BAIAP3,True,True,4.77783731459994,-0.40536256791204,0.709713855194881,4.04780757878836,-6.10436129994972,0.000304649282183712,protein_coding
ENSG00000009335,9606.ENSP00000309198,UBE3C,True,True,6.64336944499272,0.0928334369803821,0.892073097704909,6.2202348217056,-2.61847495448683,0.00983369789238812,protein_coding
ENSG00000010072,9606.ENSP00000295050,SPRTN,True,True,5.2947392644935585,2.15593851956942,0.005460370446113729,5.56195221577048,-2.01536271333047,0.0662433366600184,protein_coding
ENSG00000010244,9606.ENSP00000378165,ZNF207,True,True,8.07365707659972,-0.095103272568452,0.888535608624481,7.61277473459745,-2.47337256374944,0.00132570769363271,protein_coding
ENSG00000011258,9606.ENSP00000468304,MBTD1,True,True,7.01210480652187,1.3142578853037,0.0425761757897843,7.02714590569751,-2.82462211262216,0.000167026293930968,protein_coding
ENSG00000011426,9606.ENSP00000265748,ANLN,True,True,5.69383014111097,0.6583075540972501,0.334579704646132,5.518137987141781,-2.51910357989834,0.00367583637214754,protein_coding
ENSG00000011485,9606.ENSP00000012443,PPP5C,True,True,5.61078169105394,1.5719555075144198,0.13656824599638198,5.635680911563848,-7.594773450579409,3.86827696821066e-05,protein_coding
ENSG00000013573,9606.ENSP00000440402,DDX11,True,True,4.461400820595362,0.308462463407481,0.800996698442789,3.84902719658755,-7.21087646351732,0.000254354812620227,protein_coding
ENSG00000014138,9606.ENSP00000265465,POLA2,True,True,4.70412546446049,-0.815364866167735,0.468105441074534,3.77257606825494,-11.6031504248794,1.92053868906191e-07,protein_coding
ENSG00000014164,9606.ENSP00000262577,ZC3H3,True,True,5.73467736448983,1.75547468641303,0.0148698484917565,5.734853205797732,-4.679854354314731,0.000110707030165602,protein_coding
ENSG00000015413,9606.ENSP00000376807,DPEP1,True,True,4.3027815290909,1.04348661660493,0.34735562300085,4.18373985761729,-4.978759396661781,0.000397383656147896,protein_coding
ENSG00000023287,9606.ENSP00000025008,RB1CC1,True,True,8.077692913340071,0.5927887453501639,0.293266292635209,7.8689739767916596,-2.03833306803448,0.00305400903333328,protein_coding
ENSG00000027001,9606.ENSP00000371607,MIPEP,True,True,3.84054530039246,0.20059066100561895,0.836378266028444,3.4502178656773297,-3.7490399957213394,0.0024229320711935,protein_coding
ENSG00000028528,9606.ENSP00000261889,SNX1,True,True,6.4776631581472,-0.766216852113762,0.3706791352150711,5.60953250373275,-2.78470315694039,0.00649409991510566,protein_coding
ENSG00000029725,9606.ENSP00000445408,RABEP1,True,True,6.34649871436716,0.0366178698940231,0.960666602906152,5.8754665535977,-3.70792771984775,0.000995390840837579,protein_coding
ENSG00000033100,9606.ENSP00000035307,CHPF2,True,True,2.65893240891727,0.961259216926288,0.4632372051141129,2.56535026649816,-6.16419996635232,0.00224473724417591,protein_coding
ENSG00000033122,9606.ENSP00000035383,LRRC7,True,True,5.13696108724551,0.0563540497592969,0.9449653627264272,4.6452947562741205,-5.07539035637392,3.55393793715157e-05,protein_coding
ENSG00000033627,9606.ENSP00000264649,ATP6V0A1,True,True,6.934777253721008,0.67923355863612,0.262506824460087,6.77116689096907,-3.28501608980129,0.00397191108128642,protein_coding
ENSG00000033867,9606.ENSP00000295736,SLC4A7,True,True,5.27117411844961,-0.493686131771906,0.5046309684163189,4.47765179180638,-3.99937288988882,0.00042158185060300803,protein_coding
ENSG00000037474,9606.ENSP00000264670,NSUN2,True,True,4.81796295817734,-0.0945865576057221,0.917786757565754,4.24322950733513,-3.91246812297199,0.00651188080825794,protein_coding
ENSG00000038219,9606.ENSP00000040738,BOD1L1,True,True,7.746069568779192,1.25307809360862,0.0446203878214515,7.6730553127305,-2.65973298832785,0.00113610059104046,protein_coding
ENSG00000042429,9606.ENSP00000251871,MED17,True,True,2.9198453758651204,1.5016230363216498,0.197986901341886,2.91143908760036,-9.198798336430167,9.61004805425129e-05,protein_coding
ENSG00000047346,9606.ENSP00000443598,FAM214A,True,True,6.55649379841801,1.0031459630804,0.11290332749008,6.4781968807011605,-2.61558024385414,0.008226334255438679,protein_coding
ENSG00000048405,9606.ENSP00000376989,ZNF800,True,True,6.318000065903242,0.0715210792046046,0.916423296435488,5.81914053470981,-3.549492775437069,0.0009072179023398599,protein_coding
ENSG00000049656,9606.ENSP00000313854,CLPTM1L,True,True,4.62592999205854,0.817312778350343,0.372304001865267,4.35206125900607,-7.92528615987649,7.01744676138583e-08,protein_coding
ENSG00000050438,9606.ENSP00000405812,SLC4A8,True,True,8.37209391396631,1.89983531690012,0.000314210529496513,8.587070555024,-2.07358084412091,0.00224357353288362,protein_coding
ENSG00000051341,9606.ENSP00000264233,POLQ,True,True,4.63102221772887,1.80747994731784,0.0511200809305845,4.66563493186982,-12.505329541695799,8.23358249114391e-08,protein_coding
ENSG00000053372,9606.ENSP00000364320,MRTO4,True,True,4.37624352308687,2.9246060563614,0.00239997917370221,4.94222201212972,-0.9289400364635358,0.5544409146145699,protein_coding
ENSG00000055147,9606.ENSP00000341597,FAM114A2,True,True,5.70404857462279,-0.334414437158944,0.729083293083483,5.049392339617951,-3.7603127993076497,0.00171636407021258,protein_coding
ENSG00000055950,9606.ENSP00000339844,MRPL43,True,True,6.17690802730651,2.30809401623107,0.00121540734691379,6.39090422118672,-1.8657795641661,0.0666576557427654,protein_coding
ENSG00000060642,9606.ENSP00000363260,PIGV,True,True,6.5543683342229295,2.34653575651443,0.000292747927277764,7.23490473625025,0.0927535941088464,0.9205430831736672,protein_coding
ENSG00000063244,9606.ENSP00000307863,U2AF2,True,True,3.22191079457265,-0.43325358701835903,0.665589469261432,2.5481564860509502,-3.6535457756197296,0.00349168327293455,protein_coding
ENSG00000063854,9606.ENSP00000380514,HAGH,True,True,6.15572306980026,1.64124321379449,0.00526183185290205,6.4387481866271,-0.974870596884827,0.269915639522102,protein_coding
ENSG00000065135,9606.ENSP00000358867,GNAI3,True,True,5.525968675050452,-0.144334495448663,0.8499436411797221,4.98379873752375,-3.27287209862325,0.00168978585053556,protein_coding
ENSG00000066117,9606.ENSP00000378414,SMARCD1,True,True,6.11874049006292,0.20602894339241892,0.7915247197847449,5.645699737620619,-6.36217818731481,1.11205735378986e-05,protein_coding
ENSG00000066322,9606.ENSP00000477602,ELOVL1,True,True,4.36638538191638,-1.16670515779509,0.319772710055169,3.17141046850313,-8.84511523105612,9.08870202388784e-05,protein_coding
ENSG00000066926,9606.ENSP00000372326,FECH,True,True,3.3521622737060697,0.587565607036902,0.663227046669701,3.10974658198169,-10.9303280006176,1.4303668140278305e-05,protein_coding
ENSG00000067113,9606.ENSP00000264775,PLPP1,True,True,3.47606267997672,-0.7883925623821271,0.467194949069686,2.56204667210027,-4.53371749948935,0.00239886895169278,protein_coding
ENSG00000068366,9606.ENSP00000339787,ACSL4,True,True,4.01612598688786,-0.0444531183289001,0.9684014099321352,3.51109810197279,-4.77072085358964,0.00139570960775898,protein_coding
ENSG00000069424,9606.ENSP00000367323,KCNAB2,True,True,3.3053404330931,-0.235199388643776,0.86056303309748,2.67545233074659,-5.2790728052907,0.00132496721411382,protein_coding
ENSG00000070614,9606.ENSP00000261797,NDST1,True,True,5.196372954512941,0.200046389322342,0.840955874239506,4.7621907409459014,-4.343450760445609,0.0027699661670302802,protein_coding
ENSG00000071626,9606.ENSP00000233078,DAZAP1,True,True,5.860928084953098,2.3704063179564803,0.000516705938209907,6.11041297746471,-2.7749116539770697,0.0047495233045173,protein_coding
ENSG00000072518,9606.ENSP00000385751,MARK2,True,True,5.505402757771879,-2.775668209225,0.0009427401475689519,3.0428008863029103,-10.8627279124879,4.38323905973753e-07,protein_coding
ENSG00000073060,9606.ENSP00000261693,SCARB1,True,True,6.2191468013271605,0.8365952861722329,0.306682121383952,6.020392681273942,-3.48226566746615,7.17717374181842e-05,protein_coding
ENSG00000073146,9606.ENSP00000262794,MOV10L1,True,True,6.38477421360268,1.75069642628267,0.00890989503460024,7.15225899909497,0.595945669497406,0.462630483506331,protein_coding
ENSG00000073417,9606.ENSP00000311453,PDE8A,True,True,6.48474457882128,0.276410145895228,0.720459240477578,6.1251227708307185,-2.97249659684056,0.00564897277461134,protein_coding
ENSG00000074696,9606.ENSP00000261875,HACD3,True,True,6.98221453984634,0.224022102214586,0.7413185678037719,6.61613242536693,-3.1494866564259203,0.00125256132053249,protein_coding
ENSG00000075702,9606.ENSP00000384792,WDR62,True,True,7.72524509170632,1.8486665696441105,0.004167066025546871,8.08443471060452,-1.04255081974559,0.15959665946688698,protein_coding
ENSG00000075886,9606.ENSP00000326042,TUBA3D,True,True,6.9370550301166105,3.06900878425192,0.00035714332191080496,7.136479032084909,-3.03527666117006,0.000130553952740011,protein_coding
ENSG00000075914,9606.ENSP00000265564,EXOSC7,True,True,3.81891006989668,0.336516594986431,0.7701075134596971,3.43998962572418,-11.266139834412902,7.62870304595889e-07,protein_coding
ENSG00000076043,9606.ENSP00000265881,REXO2,True,True,5.81843473798756,0.6981852328034399,0.319911042827984,5.595432861495191,-4.085502801314609,0.00024253664571315,protein_coding
ENSG00000077097,9606.ENSP00000396704,TOP2B,True,True,5.577384982782348,-0.4930232778870279,0.54220609420693,4.85101212103651,-3.84591643972722,0.000608460724784813,protein_coding
ENSG00000077235,9606.ENSP00000348510,GTF3C1,True,True,6.96463515390007,0.8680705963275629,0.168124903730057,6.7991862937877405,-4.79485440168098,1.2763284133255e-06,protein_coding
ENSG00000078142,9606.ENSP00000262039,PIK3C3,True,True,6.267355165337,-1.146383580032,0.11112137327628,5.106364244976572,-3.41117649328771,0.00655158275502071,protein_coding
ENSG00000078403,9606.ENSP00000307411,MLLT10,True,True,10.070638686636,1.28496293134492,0.0208869859469924,10.0905500332253,-2.00016752473804,0.0018083204642868602,protein_coding
ENSG00000079134,9606.ENSP00000261600,THOC1,True,True,5.46853037099005,0.494070316195514,0.490527086127955,5.24461917258771,-2.9874055507875097,0.008660206818621959,protein_coding
ENSG00000079785,9606.ENSP00000370745,DDX1,True,True,5.99907171896776,0.622327354700354,0.38492495917264097,5.7826483392106,-3.8069808943763,0.000176758253646771,protein_coding
ENSG00000080503,9606.ENSP00000265773,SMARCA2,True,True,8.36577750057878,0.8132986374228759,0.175733374698711,8.3105317598871,-1.95867745514964,0.00290588636400562,protein_coding
ENSG00000081052,9606.ENSP00000379866,COL4A4,True,True,3.2352125300213395,-1.29812459472748,0.297142344799002,1.94799115175991,-9.73670088247927,0.000107772255280194,protein_coding
ENSG00000081177,9606.ENSP00000313140,EXD2,True,True,7.0341513889029015,1.8781728981768104,0.0127724194497718,7.14578039346988,-4.0566585339046,0.0004663972531999281,protein_coding
ENSG00000081320,9606.ENSP00000263955,STK17B,True,True,5.7113299375585695,1.0470247451431898,0.21602097180571694,5.49946566865404,-9.48749309183034,4.518115362467191e-10,protein_coding
ENSG00000082068,9606.ENSP00000265107,WDR70,True,True,5.13606679088197,1.32438213126069,0.118602215196521,5.06614199710418,-3.0963523936939104,0.00682728466153794,protein_coding
ENSG00000083168,9606.ENSP00000380136,KAT6A,True,True,7.787879094677041,-1.06702867135198,0.0659400173962345,6.63846083632197,-5.25396221589388,4.079129816872229e-07,protein_coding
ENSG00000084090,9606.ENSP00000338030,STARD7,True,True,5.0119866668537005,-0.4465057433845821,0.656196503773994,4.27999707607884,-5.26784223705896,0.00039163484504817203,protein_coding
ENSG00000084234,9606.ENSP00000263574,APLP2,True,True,6.40583364573441,-1.6763625045017498,0.0131931116288124,4.85004246660526,-8.53010902363059,2.2057245861888104e-07,protein_coding
ENSG00000084710,9606.ENSP00000384081,EFR3B,True,True,5.0136200550769,-0.87053672231625,0.377310967301223,3.96924292734786,-4.25591866633533,0.00255118830662101,protein_coding
ENSG00000085449,9606.ENSP00000233055,WDFY1,True,True,4.5994079938892005,-1.14150319763609,0.32721781239269704,3.2380585139601297,-5.685171106653462,0.0036711608682099602,protein_coding
ENSG00000085788,9606.ENSP00000380352,DDHD2,True,True,4.96331111802421,-0.5231072882799871,0.575260983872115,4.17982115048498,-12.015127743482301,1.25392731133896e-07,protein_coding
ENSG00000085999,9606.ENSP00000361043,RAD54L,True,True,5.842086052263548,0.7061377487048629,0.43413679905751,5.526873926421209,-4.79818969679605,0.000866608895592885,protein_coding
ENSG00000086589,9606.ENSP00000199814,RBM22,True,True,4.4010143543603615,3.02862384935838,0.0048181273252648395,4.62302118651628,-12.4618633549944,3.2107122893489703e-08,protein_coding
ENSG00000087302,9606.ENSP00000261700,RTRAF,True,True,6.44221297487409,1.74360090299658,0.00165989232041335,7.298503985641768,0.7087482211629341,0.314146364477877,protein_coding
ENSG00000089123,9606.ENSP00000338624,TASP1,True,True,4.20139109207318,-0.0874105722760602,0.940151259189271,3.67006569141101,-4.86468452845782,0.00344936389188643,protein_coding
ENSG00000089685,9606.ENSP00000301633,BIRC5,True,True,6.55203892893432,2.5509669161128903,0.000970696405521868,6.77050630486243,-3.62533366364062,0.000974482949216625,protein_coding
ENSG00000089902,9606.ENSP00000262241,RCOR1,True,True,6.1695025600795,-0.370705135139663,0.5853762973705761,5.45559139643951,-6.02479336682505,7.1878139418521114e-06,protein_coding
ENSG00000094914,9606.ENSP00000209873,AAAS,True,True,5.7717346853888,-0.137088321424699,0.871385284653966,5.21719928040731,-4.45903168596059,0.0003114630250262871,protein_coding
ENSG00000095319,9606.ENSP00000361658,NUP188,True,True,9.19155285417602,0.849487802369088,0.0788413430907019,9.10172613414239,-2.00250577895397,0.00285657365744405,protein_coding
ENSG00000096717,9606.ENSP00000212015,SIRT1,True,True,5.983214326975441,-0.310700659378214,0.714011034007228,5.386886936167191,-2.57594639452204,0.00700808976288168,protein_coding
ENSG00000097046,9606.ENSP00000393139,CDC7,True,True,5.8312400859423805,0.744704704244,0.407091076985004,5.50668005242486,-3.47745688569313,0.0037433027577151797,protein_coding
ENSG00000099783,9606.ENSP00000325376,HNRNPM,True,True,6.770660560744232,0.0426165954233511,0.9553413728972092,6.34451159974094,-2.5258463300316296,0.00994215725488873,protein_coding
ENSG00000100023,9606.ENSP00000334553,PPIL2,True,True,4.73494612348768,0.908270324365073,0.277280254838824,4.58559715389213,-4.11583536324775,0.0028489573009597103,protein_coding
ENSG00000100027,9606.ENSP00000342832,YPEL1,True,True,6.32199431967347,2.00810734757348,0.00888911122218924,7.548997543828889,1.2507604103498102,0.0367887755067078,protein_coding
ENSG00000100124,9606.ENSP00000215941,ANKRD54,True,True,5.62423485813751,0.887520339972498,0.190778756288264,5.46147969786419,-4.59676022633291,0.000196714378748088,protein_coding
ENSG00000100221,9606.ENSP00000216039,JOSD1,True,True,5.761016447828388,-2.51290448008334,0.00319355865472495,3.57777637465315,-11.406018756187803,3.80576166521735e-07,protein_coding
ENSG00000100330,9606.ENSP00000384651,MTMR3,True,True,2.72986596538966,-1.44533908846077,0.162194716889879,1.44528026383679,-5.97248390025877,0.000829048099301403,protein_coding
ENSG00000100387,9606.ENSP00000216225,RBX1,True,True,6.236623455273241,0.4768082119211,0.533885785724289,5.99581198431959,-2.54691420535657,0.0041793105570665,protein_coding
ENSG00000100417,9606.ENSP00000216259,PMM1,True,True,5.60358460519997,2.89576724981977,0.0018662555968465,6.0340455597981,-1.5755219744261295,0.313051598604698,protein_coding
ENSG00000100425,9606.ENSP00000216267,BRD1,True,True,7.392012718454749,0.9258561758195748,0.15773089683722,7.350607667740119,-2.24859085613718,0.00320837783302889,protein_coding
ENSG00000100632,9606.ENSP00000451080,ERH,True,True,4.5692953014625495,0.5230114735405971,0.529356510474434,4.22842406520554,-4.280988596027121,0.000185977980973796,protein_coding
ENSG00000100796,9606.ENSP00000450864,PPP4R3A,True,True,6.15409813352053,0.695087228780898,0.313276233646079,5.8436415343594,-4.130613568925621,3.6858415650165e-05,protein_coding
ENSG00000101391,9606.ENSP00000217372,CDK5RAP1,True,True,4.0853561348517005,1.7174305208238403,0.0717360678451545,4.01910004764075,-11.8529046182711,1.01816812255664e-06,protein_coding
ENSG00000101464,9606.ENSP00000217446,PIGU,True,True,5.4616152231894,1.73101591093426,0.0350530869798597,5.5647912126444,-2.9141233332499903,0.00574446125829119,protein_coding
ENSG00000101574,9606.ENSP00000458290,METTL4,True,True,2.82155967961138,1.74526409876324,0.112273041608594,2.9070383178101404,-4.10778958064492,0.007794934509526391,protein_coding
ENSG00000101577,9606.ENSP00000261596,LPIN2,True,True,5.73032631399066,-1.06271627826232,0.236549528309106,4.66663805141467,-3.7013033835643294,0.00574470276283781,protein_coding
ENSG00000102967,9606.ENSP00000219240,DHODH,True,True,4.45837078578355,1.6052510057572902,0.0528005232195929,4.46780405704986,-9.03999908086198,5.930278644053521e-09,protein_coding
ENSG00000103051,9606.ENSP00000315775,COG4,True,True,6.4092979672117805,1.8004587959239298,0.00456989582733778,6.868051649808531,-0.4656276631068541,0.748841968329975,protein_coding
ENSG00000103245,9606.ENSP00000251588,CIAO3,True,True,2.6973665137218,0.675166607113243,0.58769120456501,2.43558524324862,-5.8658147725231515,0.000599695872985501,protein_coding
ENSG00000103249,9606.ENSP00000372193,CLCN7,True,True,2.56632120146934,1.21146772393326,0.266845317800023,2.46633332044946,-10.2719817850199,8.529635540246961e-06,protein_coding
ENSG00000103540,9606.ENSP00000370803,CCP110,True,True,7.8066867071468495,2.04871895524631,0.00123885175819299,7.950008642525151,-3.25258573919855,0.0002616931457622891,protein_coding
ENSG00000103723,9606.ENSP00000440984,AP3B2,True,True,5.19542431662484,-0.62884327500454,0.4140662161086981,4.31895672345129,-10.5097339668422,5.930278644053521e-09,protein_coding
ENSG00000103769,9606.ENSP00000261890,RAB11A,True,True,6.275252456142348,1.80824219069714,0.00846669688233914,6.53465711269999,-1.5773072113763005,0.1023742662636,protein_coding
ENSG00000104133,9606.ENSP00000261866,SPG11,True,True,7.27066990131291,0.896635741695987,0.157994547420125,7.18795949911307,-2.51424375478286,0.000142921435516097,protein_coding
ENSG00000104671,9606.ENSP00000221114,DCTN6,True,True,2.24142058465092,0.205974487865809,0.863533116986178,1.84937300938478,-6.93263120233722,7.439816698352141e-05,protein_coding
ENSG00000104723,9606.ENSP00000424544,TUSC3,True,True,4.16004148899941,-0.664382229324871,0.540505277390677,3.18460252520527,-4.53369380224098,0.0016012141371212901,protein_coding
ENSG00000104883,9606.ENSP00000221480,PEX11G,True,True,3.89625522431397,3.60526512488981,0.0012015482032982,4.807537111563112,0.156330131641087,0.91372196470845,protein_coding
ENSG00000105341,9606.ENSP00000403910,DMAC2,True,True,3.51873648375228,0.805131969882986,0.432214086844692,3.3511224169854303,-5.24274100219683,0.00015141521121178302,protein_coding
ENSG00000105479,9606.ENSP00000318429,CCDC114,True,True,6.2286425221905,2.00259859884748,0.0175529192034458,6.27743895806721,-4.209602733068049,4.027903967028421e-05,protein_coding
ENSG00000105879,9606.ENSP00000401277,CBLL1,True,True,7.204461305397661,0.0827353769312742,0.9235203743896858,6.55600306392372,-5.25763452232008,1.4550788433263396e-06,protein_coding
ENSG00000105926,9606.ENSP00000222644,MPP6,True,True,6.3702021833809805,1.50841299402289,0.00977006610822532,6.41223016835505,-2.42720216458773,0.006054237393507271,protein_coding
ENSG00000106246,9606.ENSP00000292478,PTCD1,True,True,2.8218034523596605,1.89554615047841,0.10225116699542,2.63826090267939,-10.4509504552548,5.33385299704097e-05,protein_coding
ENSG00000106462,9606.ENSP00000320147,EZH2,True,True,6.587486077758,0.625691417618923,0.301084588686964,6.43010755229061,-2.11536489352818,0.0036357902973841202,protein_coding
ENSG00000106588,9606.ENSP00000223321,PSMA2,True,True,2.68856377179892,-0.5867261076457261,0.587483524929917,1.90182598741664,-5.57567174708234,4.77690465750331e-05,protein_coding
ENSG00000106628,9606.ENSP00000480186,POLD2,True,True,6.26310113462938,2.42908813030068,0.00719687547301143,6.730824201762,-0.3699280545089,0.777022245288583,protein_coding
ENSG00000106976,9606.ENSP00000362014,DNM1,True,True,4.4484656020616695,-3.05278460699785,0.0170366225106865,1.79491481979079,-9.57757461382431,2.14292897272186e-05,protein_coding
ENSG00000107185,9606.ENSP00000367318,RGP1,True,True,6.190222343458401,-0.646877346874145,0.463865867532621,5.380905249037559,-2.93827991049973,0.0078584599146587,protein_coding
ENSG00000107290,9606.ENSP00000224140,SETX,True,True,9.58963373178971,1.1484951331654698,0.012238118620598998,9.571723572622759,-2.66639745797628,0.000112189143217894,protein_coding
ENSG00000107669,9606.ENSP00000224652,ATE1,True,True,5.7508689170277405,-1.42116167047023,0.0352772794114877,4.41411280468688,-3.63715566460138,0.00134701864998236,protein_coding
ENSG00000108424,9606.ENSP00000290158,KPNB1,True,True,8.62783203126575,1.1299877446958602,0.0193461074348919,8.532999565648181,-3.45088384841924,7.39917852924608e-05,protein_coding
ENSG00000108465,9606.ENSP00000438886,CDK5RAP3,True,True,3.05332628520782,1.30324140110564,0.216016014214589,3.00370076453994,-8.5980122045545,9.075712513916253e-06,protein_coding
ENSG00000108468,9606.ENSP00000377060,CBX1,True,True,7.326813869787,0.0181014013958296,0.9801006697349308,6.814308421755638,-5.0602362395379,1.71875252087585e-07,protein_coding
ENSG00000108474,9606.ENSP00000225609,PIGL,True,True,5.962241696446509,2.02264323769474,0.0450241859584863,6.08752268068416,-4.20329216545181,0.0063884274354067795,protein_coding
ENSG00000108591,9606.ENSP00000225729,DRG2,True,True,2.39424132784325,1.0578804440454,0.324642239999874,2.30923558928738,-8.52777620367584,2.924944530651749e-05,protein_coding
ENSG00000108604,9606.ENSP00000392617,SMARCD2,True,True,5.1312054197101915,-0.503718721488134,0.555523343867098,4.3422385699582495,-7.16850046558719,1.5955977047094601e-06,protein_coding
ENSG00000108799,9606.ENSP00000404658,EZH1,True,True,5.893200821227762,1.459305112985,0.0741639134559217,5.878630588927879,-7.4969866218127414,2.05224181473495e-07,protein_coding
ENSG00000108826,9606.ENSP00000225969,MRPL27,True,True,4.27278840618881,-0.07276635061663499,0.9540278274412328,3.75380251953353,-5.126830651255281,0.00211738601849841,protein_coding
ENSG00000108848,9606.ENSP00000425092,LUC7L3,True,True,5.918626933207671,-1.3694614632555202,0.0521699270967279,4.63196959553562,-4.02940728146513,0.00276241742009003,protein_coding
ENSG00000109381,9606.ENSP00000377782,ELF2,True,True,7.04034996029071,1.90031402762753,0.00329145294142005,7.12566324258256,-3.45711054905752,0.00042516232595181,protein_coding
ENSG00000109534,9606.ENSP00000226796,GAR1,True,True,4.52681487800508,0.496069948453903,0.7165207338763749,4.18428004026428,-5.85042853656968,0.000193874773199816,protein_coding
ENSG00000109689,9606.ENSP00000417569,STIM2,True,True,5.0692482775469205,-1.07043622756409,0.159114971162944,3.93748648943225,-5.72114365560346,0.000195870173352167,protein_coding
ENSG00000110107,9606.ENSP00000227524,PRPF19,True,True,4.89206188339539,-0.7689411078357321,0.455237658404958,3.99251753936134,-4.837564721677151,0.00344001061430625,protein_coding
ENSG00000110344,9606.ENSP00000387362,UBE4A,True,True,6.90055575726923,0.430779025850053,0.460397123652698,6.61938606824798,-2.44061417787218,0.00844967101660239,protein_coding
ENSG00000110367,9606.ENSP00000478754,DDX6,True,True,7.79147472283677,-1.4348399069083797,0.0127850975333701,6.52835403895716,-1.937157787841,0.006822732865898179,protein_coding
ENSG00000110711,9606.ENSP00000279146,AIP,True,True,3.14828883055898,0.22980366206137096,0.867809476117038,2.75407342724132,-4.94106281808762,0.00528710686247046,protein_coding
ENSG00000111058,9606.ENSP00000449535,ACSS3,True,True,6.1279130805212905,2.58305262173208,0.00241626790711948,6.19819811883866,-5.39395966741213,5.181809158577949e-07,protein_coding
ENSG00000111300,9606.ENSP00000261745,NAA25,True,True,4.78145158179904,1.5640945438811102,0.110747260641207,4.80551259041945,-4.40961676032728,0.00324236494394817,protein_coding
ENSG00000111361,9606.ENSP00000416250,EIF2B1,True,True,5.01929578170676,1.2825643086294498,0.109499015691897,4.958049018135361,-3.34661197523982,0.00173399299706498,protein_coding
ENSG00000111530,9606.ENSP00000442318,CAND1,True,True,6.7956556551527205,0.0864229170123452,0.892073097704909,6.3090063034924695,-3.889137558551621,0.000301821582268199,protein_coding
ENSG00000111667,9606.ENSP00000229268,USP5,True,True,7.31639673721192,1.59018084196644,0.0209285535463936,7.32867602385987,-6.409403592141429,2.1747292144065e-05,protein_coding
ENSG00000111674,9606.ENSP00000437402,ENO2,True,True,3.84565522838362,1.93772335725297,0.0866620870968257,3.95614004989812,-11.789590698800001,2.92840527315801e-06,protein_coding
ENSG00000111684,9606.ENSP00000261407,LPCAT3,True,True,4.02898579534855,2.44071030131,0.0252515000729739,4.27768062288267,-4.5928581694024,0.007192793105866391,protein_coding
ENSG00000111725,9606.ENSP00000229328,PRKAB1,True,True,6.46713270515779,2.66706822666652,0.000433353752921087,6.75271041848681,-2.75255733755861,0.0115318174177944,protein_coding
ENSG00000112079,9606.ENSP00000229812,STK38,True,True,6.52989485031605,1.41368372369531,0.0545848391670053,6.53029987777211,-2.86361736985407,0.00113610059104046,protein_coding
ENSG00000112096,9606.ENSP00000446252,SOD2,True,True,4.45607167110254,-1.61047945739418,0.111475118589978,2.94133410313592,-6.64495961125641,0.000148478707349271,protein_coding
ENSG00000112282,9606.ENSP00000357047,MED23,True,True,6.19533176922943,0.988969006949388,0.134018405610978,6.029089242348219,-3.9258987150354505,0.00129420773442311,protein_coding
ENSG00000112685,9606.ENSP00000230449,EXOC2,True,True,6.257933379958531,0.33175500426942,0.6035041111309161,5.93335927739813,-2.70740522584086,0.004512494365898821,protein_coding
ENSG00000112977,9606.ENSP00000230895,DAP,True,True,5.4356495901686,2.17484042989306,0.00618383838107098,5.6902321171045305,-2.517203800692009,0.0137251406035391,protein_coding
ENSG00000112984,9606.ENSP00000378356,KIF20A,True,True,5.47441112284571,1.14146702073612,0.17114413422308802,5.36256948186271,-7.95074863856173,2.37698806548705e-07,protein_coding
ENSG00000113141,9606.ENSP00000396301,IK,True,True,7.17067015380256,0.8236208222496179,0.130757437612546,7.07586748952754,-2.5211219948935,0.00619399729551034,protein_coding
ENSG00000113621,9606.ENSP00000351157,TXNDC15,True,True,3.68035792464499,0.652741104708567,0.506507975129229,3.42577786842026,-11.252190851981304,3.7652251457011797e-07,protein_coding
ENSG00000113649,9606.ENSP00000296702,TCERG1,True,True,7.018782840786018,0.541882964946335,0.31242637123220296,6.69136776705722,-6.34607615367746,4.5515014889319104e-11,protein_coding
ENSG00000113734,9606.ENSP00000231668,BNIP1,True,True,4.95847910436854,3.2013633963173,0.00285162510578486,5.04540198418266,-12.8865951711288,3.47095965271784e-10,protein_coding
ENSG00000113845,9606.ENSP00000418803,TIMMDC1,True,True,5.07836915532271,1.57122625095865,0.0469647627537797,5.07866339958217,-8.16994272422901,3.6327957334717295e-09,protein_coding
ENSG00000114978,9606.ENSP00000379364,MOB1A,True,True,6.08113696204769,0.164105186321931,0.821972061440833,5.6974138139731005,-3.12121787596551,0.00420144268415039,protein_coding
ENSG00000114982,9606.ENSP00000396749,KANSL3,True,True,7.4689225171022,1.39887654858982,0.0130436385474557,7.58187303085585,-1.8972445742726496,0.00862451891696375,protein_coding
ENSG00000115109,9606.ENSP00000263713,EPB41L5,True,True,6.96553700851109,-0.3599273563657229,0.595320701481154,6.2983139937478105,-2.62395590051428,0.000416423933588575,protein_coding
ENSG00000115233,9606.ENSP00000386541,PSMD14,True,True,4.73256449299544,1.34993574273505,0.105490385675473,4.6472583204607005,-4.21833949935099,0.000558658444383622,protein_coding
ENSG00000115317,9606.ENSP00000258080,HTRA2,True,True,2.26456176416273,2.4823291711500697,0.0681300567318317,2.4321182576197,-10.237199056325801,1.81690937383732e-05,protein_coding
ENSG00000115421,9606.ENSP00000238714,PAPOLG,True,True,5.27262488102443,-0.028030822913497,0.97866843592595,4.78787744459605,-4.20860009920164,0.00315375742296942,protein_coding
ENSG00000115446,9606.ENSP00000350409,UNC50,True,True,5.15149246392067,2.0136773150093896,0.0043918684596144,5.306297875563709,-4.47748072784452,0.0018395136316867301,protein_coding
ENSG00000115540,9606.ENSP00000315702,MOB4,True,True,3.1840612176484595,0.244855662645424,0.8499436411797221,2.76744472281216,-7.040208491574051,0.000192301937253538,protein_coding
ENSG00000115649,9606.ENSP00000386277,CNPPD1,True,True,6.8342743669835695,-0.914403268207896,0.324696748936321,5.619167385819781,-5.502568279077308,0.000204397053488867,protein_coding
ENSG00000115694,9606.ENSP00000325748,STK25,True,True,7.14337810380789,1.18865881703132,0.0480818915636971,7.00145267083962,-3.36553249873898,0.000320917298872729,protein_coding
ENSG00000115993,9606.ENSP00000328875,TRAK2,True,True,5.95140434704283,-0.3119981610617949,0.7697459437178941,5.01984909036228,-5.776927760154622,0.000174876489531625,protein_coding
ENSG00000116106,9606.ENSP00000281821,EPHA4,True,True,5.48380675823771,-1.38806593622994,0.172571556765868,4.17978446081858,-4.9789102529683085,0.0011230628388809699,protein_coding
ENSG00000116141,9606.ENSP00000483424,MARK1,True,True,5.09560435488141,2.06849559579955,0.0183285394720007,5.177353142451481,-3.84461056952469,0.0009995181815457331,protein_coding
ENSG00000116191,9606.ENSP00000356607,RALGPS2,True,True,8.25528007391406,1.65080120050478,0.00271634163689625,8.421925900331,-1.8341920413608104,0.0264237725319716,protein_coding
ENSG00000116237,9606.ENSP00000343552,ICMT,True,True,5.1116017982190005,-1.78710637364451,0.0514964778987254,3.5003217458268194,-11.327717507797301,3.66136747886147e-07,protein_coding
ENSG00000116337,9606.ENSP00000256578,AMPD2,True,True,4.5862343305464,-2.3750120525176097,0.0885065827030566,2.4073238577311,-10.2118590324482,2.22828178272462e-05,protein_coding
ENSG00000116754,9606.ENSP00000359988,SRSF11,True,True,7.93152409205527,1.05395600285351,0.045497293522919015,7.888145293321401,-2.68394271457487,0.000192460112051887,protein_coding
ENSG00000117262,9606.ENSP00000319673,GPR89A,True,True,3.2954480025817,1.2318072191831295,0.14427696621706798,3.30817811659901,-3.2439532447941803,0.0028532425888118398,protein_coding
ENSG00000117461,9606.ENSP00000262741,PIK3R3,True,True,7.298509580317909,-0.225361884332979,0.731153858799185,6.657472874662429,-4.32663076983936,7.07758451363639e-05,protein_coding
ENSG00000117906,9606.ENSP00000319739,RCN2,True,True,6.679032738413008,2.11217270977902,0.00144042660964326,6.84217476739874,-2.6931558637993,0.0020925007300884,protein_coding
ENSG00000119121,9606.ENSP00000354006,TRPM6,True,True,4.05899033154569,-1.27982919400254,0.178450097624794,2.71995903196989,-4.20284847321598,0.006426629671524521,protein_coding
ENSG00000119640,9606.ENSP00000238618,ACYP1,True,True,4.328597632160459,2.17782111248692,0.00451069653525002,4.69838398730421,-1.3326769313532,0.3387608748553569,protein_coding
ENSG00000119650,9606.ENSP00000238628,IFT43,True,True,5.75152465705164,-0.472201461275731,0.565786835744939,4.979892175115509,-3.90987822150874,0.000179736497220915,protein_coding
ENSG00000119689,9606.ENSP00000335304,DLST,True,True,5.82576331163874,-1.3048337930008,0.174741311987059,4.5074474046671,-5.4681998027726,1.28951646841649e-05,protein_coding
ENSG00000119760,9606.ENSP00000336750,SUPT7L,True,True,5.12420758469914,-0.7543575425504949,0.325425875346212,4.20495601579953,-6.323952493400849,6.59236314212408e-06,protein_coding
ENSG00000119929,9606.ENSP00000359507,CUTC,True,True,5.67231378114568,3.12859020258194,0.000989145469475559,5.94036567288659,-3.36132523229863,0.00956123731355351,protein_coding
ENSG00000120251,9606.ENSP00000296526,GRIA2,True,True,4.37246410390096,-2.2781741482486098,0.0615564562439414,2.35722059182132,-10.1602331964312,1.01884128810693e-05,protein_coding
ENSG00000120688,9606.ENSP00000368801,WBP4,True,True,4.71880469916671,-3.03376736638426,0.0006831942505908911,2.12013099373558,-6.08114025624062,6.14744116703999e-05,protein_coding
ENSG00000120798,9606.ENSP00000333275,NR2C1,True,True,5.6593487814141215,0.7739078515087819,0.3503484994973969,5.44883550980316,-4.0329320484007205,0.00332365361321316,protein_coding
ENSG00000120948,9606.ENSP00000240185,TARDBP,True,True,6.4271890961522615,-0.161204843173547,0.836378266028444,5.84600437636001,-3.98891542538964,0.00102001810332015,protein_coding
ENSG00000121774,9606.ENSP00000313829,KHDRBS1,True,True,6.63857240105069,1.3021483807378,0.0169484597088021,6.59631895129012,-4.56380654205728,1.2763284133255e-06,protein_coding
ENSG00000122566,9606.ENSP00000346694,HNRNPA2B1,True,True,9.030039884919079,0.271470539905647,0.6903637100795871,8.77561298134457,-1.88326214705915,0.004368576883369,protein_coding
ENSG00000122591,9606.ENSP00000403396,FAM126A,True,True,6.061393360454639,1.3565124776162,0.0650010342165322,6.03136035685253,-2.7655275884753703,0.00107292167530561,protein_coding
ENSG00000122674,9606.ENSP00000325681,CCZ1,True,True,1.9399575140768104,0.38022307983748,0.699453062156955,1.64045980960045,-4.11647452843428,0.00206641781648755,protein_coding
ENSG00000122735,9606.ENSP00000480538,DNAI1,True,True,7.45035300019339,1.71329366480237,0.014364316152289,7.486553346130719,-3.96280756907156,0.000113606139182723,protein_coding
ENSG00000122966,9606.ENSP00000376306,CIT,True,True,7.6150148960340704,0.827056591005426,0.300157215882457,7.486002452867299,-2.51564066568685,0.0041952160326358895,protein_coding
ENSG00000122971,9606.ENSP00000242592,ACADS,True,True,3.29622621605264,2.65483658663055,0.00463585179566002,3.53680790404131,-3.6552456732838,0.00296640686453133,protein_coding
ENSG00000123136,9606.ENSP00000242776,DDX39A,True,True,7.6964284831481695,2.5790937200039803,0.000652288977424192,8.20864503297317,-0.7932931216677069,0.309879386040633,protein_coding
ENSG00000123154,9606.ENSP00000402653,WDR83,True,True,4.64904913546272,-0.8400104586277259,0.509272866116375,3.68165308729074,-3.9113063986321497,0.00514316213961553,protein_coding
ENSG00000123374,9606.ENSP00000266970,CDK2,True,True,3.28621236468798,0.845534614700675,0.433536629666463,3.09398404141486,-6.83863309596657,7.09020924240522e-05,protein_coding
ENSG00000123505,9606.ENSP00000357880,AMD1,True,True,5.749725097146058,-0.275902435133281,0.742582736592246,5.01757341147741,-3.86029976988789,0.000370950000443225,protein_coding
ENSG00000123975,9606.ENSP00000364976,CKS2,True,True,5.82076580708042,2.51844456617895,0.00025954263420105097,6.05348444409827,-2.7997916922099604,0.0047279427742116,protein_coding
ENSG00000124160,9606.ENSP00000290231,NCOA5,True,True,6.99240776139269,-0.402765475771783,0.526096257835852,6.2847752369399705,-4.443373619073268,0.000445033322933993,protein_coding
ENSG00000124171,9606.ENSP00000360672,PARD6B,True,True,4.10225944848741,-0.502086509807924,0.679927910932318,3.24363362778615,-4.8040314400424,0.00214847409835925,protein_coding
ENSG00000124222,9606.ENSP00000360183,STX16,True,True,7.0601942112271,1.02172415969816,0.179346288464452,6.8863207508586,-5.58052304265605,5.1914825614654295e-08,protein_coding
ENSG00000124383,9606.ENSP00000244230,MPHOSPH10,True,True,4.28623502078628,-1.2654123343226,0.22640564580678,3.04749572472077,-6.88205258871283,0.000117021181288383,protein_coding
ENSG00000124562,9606.ENSP00000244520,SNRPC,True,True,5.967213231268881,2.788517825602029,0.000292747927277764,6.380407612515628,-1.2424574725508402,0.15635595338525302,protein_coding
ENSG00000124659,9606.ENSP00000361967,TBCC,True,True,3.71663321257296,2.5795240290961803,0.01961788950425,3.9656061986993514,-4.78102312045825,0.00765245395188132,protein_coding
ENSG00000125149,9606.ENSP00000219139,C16orf70,True,True,5.01619796917871,0.961183915625357,0.20963786807095494,4.79742277084374,-12.637306427379198,3.34377758920837e-11,protein_coding
ENSG00000125386,9606.ENSP00000324587,FAM193A,True,True,7.718071356708879,-0.215110582267038,0.735879079040009,7.059392265026442,-4.166846158079689,8.00991208355692e-07,protein_coding
ENSG00000125686,9606.ENSP00000300651,MED1,True,True,7.07163641607082,0.5061752775457039,0.4401423886090329,6.77254110960652,-4.34308043280681,3.12236801269189e-05,protein_coding
ENSG00000125734,9606.ENSP00000264080,GPR108,True,True,6.255278412632968,-1.3627278529153402,0.0216718230998749,5.00402733969604,-2.7421444973261297,0.007550154918091491,protein_coding
ENSG00000126062,9606.ENSP00000266025,TMEM115,True,True,3.89062959368075,1.53520964878052,0.15650061139739402,3.90776404097804,-11.7408604532844,8.05089839105291e-07,protein_coding
ENSG00000126226,9606.ENSP00000479494,PCID2,True,True,6.49703018715405,0.96947704458209,0.151823264096734,6.350944967262652,-2.8393520844430298,0.0007025402149271509,protein_coding
ENSG00000126249,9606.ENSP00000246535,PDCD2L,True,True,3.933239010843181,-1.24923133020412,0.243928230665702,2.7227191471959595,-10.5355467232728,8.77422669565504e-06,protein_coding
ENSG00000126787,9606.ENSP00000247191,DLGAP5,True,True,4.95014475469366,1.49046816784594,0.0996010462366649,4.990059648228098,-3.29697599031027,0.00436418726081493,protein_coding
ENSG00000126803,9606.ENSP00000378199,HSPA2,True,True,8.33865592040483,2.12508086249118,0.00342138392943335,8.44977606159981,-3.8876649694676297,3.21767041163928e-06,protein_coding
ENSG00000127337,9606.ENSP00000247843,YEATS4,True,True,3.9222012712533503,2.4500618516942403,0.00210082646027899,4.10087392704527,-4.34231312317972,9.43318643192284e-05,protein_coding
ENSG00000127564,9606.ENSP00000262300,PKMYT1,True,True,3.94952390949274,2.20712260722087,0.0310769984161841,4.08034889261728,-11.914997860123801,2.1890897174261902e-08,protein_coding
ENSG00000128228,9606.ENSP00000248958,SDF2L1,True,True,3.7034230276822,3.19503712652243,0.00472922209823925,4.10636147065499,-0.844558236711998,0.608105301845861,protein_coding
ENSG00000128272,9606.ENSP00000336790,ATF4,True,True,5.27850251585712,0.253949418515247,0.7915247197847449,4.87836393047541,-6.08021368642821,1.46458917136424e-05,protein_coding
ENSG00000128578,9606.ENSP00000249344,STRIP2,True,True,6.37384230525531,1.29425556593407,0.014364316152289,6.337033951979821,-5.45851436954766,6.9780527439470704e-06,protein_coding
ENSG00000128654,9606.ENSP00000249442,MTX2,True,True,5.69656799702139,0.931743862259027,0.20791116146619895,5.51855440224649,-5.8688417504920185,3.799584224395e-06,protein_coding
ENSG00000128656,9606.ENSP00000386741,CHN1,True,True,6.46316263731118,-2.74527413212958,0.004033189367765521,4.08398789498462,-3.5377336437496902,0.00585812808974535,protein_coding
ENSG00000128928,9606.ENSP00000418397,IVD,True,True,5.444412563365768,1.5708806588643,0.050574861145138005,5.4683424891023895,-4.81516267050258,3.122249600498449e-05,protein_coding
ENSG00000129245,9606.ENSP00000250113,FXR2,True,True,4.70292920701295,-0.6229854841325289,0.44735614660476497,3.88643558909161,-4.00199138726636,0.00206061812082356,protein_coding
ENSG00000129347,9606.ENSP00000320917,KRI1,True,True,5.58167027808558,2.71526725852154,0.00284355003887905,5.8350384318580115,-2.35451516028749,0.0275492693025551,protein_coding
ENSG00000129354,9606.ENSP00000250244,AP1M2,True,True,2.1065107416872,3.14067450984567,0.00443923024426805,3.299167352693169,1.00057900082132,0.395998948386134,protein_coding
ENSG00000129654,9606.ENSP00000323880,FOXJ1,True,True,3.71409946450726,1.7375597588811698,0.0875193908720816,3.8400880518188303,-3.20605514390041,0.0097374737597768,protein_coding
ENSG00000129691,9606.ENSP00000340896,ASH2L,True,True,6.625831219312018,0.142911820320346,0.864176936850747,6.1905358371568715,-3.08112129895724,0.00277070673122955,protein_coding
ENSG00000130204,9606.ENSP00000410339,TOMM40,True,True,2.81559395197528,1.0582048335704,0.345058875734102,2.70514907598798,-7.457266713520629,5.1100444750388395e-05,protein_coding
ENSG00000130653,9606.ENSP00000384610,PNPLA7,True,True,5.62801385273812,-2.35090596997707,0.031684876988452,3.5366991925328897,-4.4525511895494,0.00125976010820203,protein_coding
ENSG00000130714,9606.ENSP00000361302,POMT1,True,True,7.24759798600512,2.7064724183176403,0.000637877795271594,7.5014254851103,-2.1556769521883203,0.0133550065147314,protein_coding
ENSG00000130734,9606.ENSP00000311318,ATG4D,True,True,4.275571269135631,0.9898693710755608,0.316667213625483,4.142641255105859,-5.0507275584672096,0.000234432390063386,protein_coding
ENSG00000131747,9606.ENSP00000411532,TOP2A,True,True,8.2706788939748,1.51732164449565,0.0270696454821228,8.39865314400922,-1.93183262297088,0.00923805589852353,protein_coding
ENSG00000131788,9606.ENSP00000376765,PIAS3,True,True,4.54766224243284,-1.56807076900599,0.117021414837768,3.11174573677603,-7.44883341754161,6.10114607196223e-05,protein_coding
ENSG00000131791,9606.ENSP00000254101,PRKAB2,True,True,4.285627650201509,0.42383865257085,0.662084761192016,3.88641598109952,-11.718903906363199,2.20709905837715e-08,protein_coding
ENSG00000132294,9606.ENSP00000254624,EFR3A,True,True,6.45619240743759,0.286657860267595,0.697844047383239,6.08536594607048,-3.70448026486655,0.000509528215995763,protein_coding
ENSG00000132300,9606.ENSP00000254630,PTCD3,True,True,6.84787259563282,0.534489301638284,0.42737239195265503,6.624950959636902,-2.83428508696192,0.00496367334318615,protein_coding
ENSG00000132436,9606.ENSP00000410811,FIGNL1,True,True,3.99022571918748,0.5550571800428089,0.718585988987725,3.72120016726532,-6.2179497892293,0.0071125586833909096,protein_coding
ENSG00000132640,9606.ENSP00000384545,BTBD3,True,True,5.89014984095047,-1.5882913003088897,0.0715763305319111,4.4132891159007,-4.51372750639558,0.0054382696507989286,protein_coding
ENSG00000133020,9606.ENSP00000384330,MYH8,True,True,3.38544863775665,1.8885273884341696,0.0485151999272435,3.49881891461638,-6.25063614108786,1.45155229076967e-05,protein_coding
ENSG00000133398,9606.ENSP00000255764,MED10,True,True,3.0413344878727204,0.9509665292161807,0.40988645238554,2.94670075166129,-5.30602745453268,0.0029686504666261103,protein_coding
ENSG00000133884,9606.ENSP00000436901,DPF2,True,True,6.80735663880492,0.0700423826131487,0.9156166375283092,6.33579402576499,-2.2499861835306803,0.00997825615827406,protein_coding
ENSG00000133961,9606.ENSP00000451300,NUMB,True,True,6.64983980477662,-0.16678047434598595,0.838876498148154,6.10893619108319,-3.16836482385432,0.00213428486779877,protein_coding
ENSG00000134121,9606.ENSP00000256509,CHL1,True,True,2.07066370336859,-0.866498051121194,0.501909580779398,1.08499032261297,-8.827667405166029,5.92479617178865e-05,protein_coding
ENSG00000134569,9606.ENSP00000367888,LRP4,True,True,3.2069446918972098,-0.7767940226390021,0.474308080684469,2.16126708716044,-9.9583029058433,2.55170132708214e-05,protein_coding
ENSG00000134698,9606.ENSP00000362306,AGO4,True,True,6.229187477198138,1.95295186055982,0.00361406729523806,6.44379585736622,-2.03470881970774,0.0599907674833492,protein_coding
ENSG00000135372,9606.ENSP00000257829,NAT10,True,True,5.92974068768842,0.742525820918664,0.37516169149936696,5.71243956806125,-4.02737299474176,8.62681923902945e-05,protein_coding
ENSG00000135476,9606.ENSP00000257934,ESPL1,True,True,7.09689649963989,2.48787954852143,0.00296900557793205,7.15117662543989,-4.83140574038483,6.43895200410785e-06,protein_coding
ENSG00000135617,9606.ENSP00000258083,PRADC1,True,True,5.1726424884032,3.3308696588143905,0.0006442713118549492,5.90472776472446,-0.00823719081511315,0.995212704260475,protein_coding
ENSG00000135778,9606.ENSP00000355587,NTPCR,True,True,5.48169829173384,0.473575145172722,0.5255657180761529,5.106696518162329,-4.42109385529077,0.0007506621071061019,protein_coding
ENSG00000136279,9606.ENSP00000417653,DBNL,True,True,5.10709572759671,2.04729291678343,0.00525559611242633,5.28141305798114,-2.68605273813218,0.0335324175446572,protein_coding
ENSG00000136504,9606.ENSP00000259021,KAT7,True,True,8.48578979151068,0.6360291075006,0.19558575605689896,8.2446885514355,-3.10487156312788,9.30112618150072e-06,protein_coding
ENSG00000136731,9606.ENSP00000259253,UGGT1,True,True,6.1534719745237005,-0.949796991726072,0.261881080602983,5.12579592357718,-5.530892541464992,0.000161170955630796,protein_coding
ENSG00000136827,9606.ENSP00000345719,TOR1A,True,True,4.749480938891152,-0.5379105104066539,0.617874365735247,3.87058942408069,-7.4535518565953,5.8620368679449794e-05,protein_coding
ENSG00000136868,9606.ENSP00000363329,SLC31A1,True,True,5.19124014958196,-2.5980684519992403,0.016237112560873998,2.9365334956426903,-4.3162056430347,0.0079211931297162,protein_coding
ENSG00000136878,9606.ENSP00000313811,USP20,True,True,5.0961777143730185,0.7011687365405029,0.424298572436106,4.85608344207482,-5.345148407415191,3.2099369587789096e-05,protein_coding
ENSG00000136935,9606.ENSP00000362656,GOLGA1,True,True,7.439959146169912,0.8557636027516,0.129826506006538,7.28831850658495,-3.12977970861304,0.00154743703685969,protein_coding
ENSG00000136936,9606.ENSP00000364270,XPA,True,True,4.08738362628336,2.13971506226443,0.0408929182842671,4.22797054880672,-5.7199098989034605,4.9380815760412e-05,protein_coding
ENSG00000136937,9606.ENSP00000364289,NCBP1,True,True,6.1092344903203,-0.0328131942785247,0.9706491294086528,5.5896325505528,-3.9770436913943294,0.000719595561416825,protein_coding
ENSG00000137204,9606.ENSP00000361666,SLC22A7,True,True,5.17621139076606,2.8359678351397504,0.00347878756969299,5.3054521601726385,-7.746322483084952,4.77094760319054e-07,protein_coding
ENSG00000137413,9606.ENSP00000362068,TAF8,True,True,4.84454470579205,1.01057449584003,0.332450575692028,4.62687428104973,-12.4659340513845,1.9626407812610304e-07,protein_coding
ENSG00000137692,9606.ENSP00000260247,DCUN1D5,True,True,4.64776695447559,-1.05892695546718,0.33862900254261896,3.49436036327035,-5.20373741503325,0.000603403753880792,protein_coding
ENSG00000137801,9606.ENSP00000260356,THBS1,True,True,3.51831203067212,0.468899590295407,0.682548462290947,3.2103359817358195,-11.033244173987699,2.3079364490902403e-06,protein_coding
ENSG00000137860,9606.ENSP00000315006,SLC28A2,True,True,4.5560308387495185,0.49520707958499,0.7384143476700641,4.25075770689796,-9.937176070212221,2.00535248917788e-05,protein_coding
ENSG00000137947,9606.ENSP00000359531,GTF2B,True,True,3.70016743453668,0.986723393819532,0.39321344506591,3.47679501990577,-7.2907081286304285,0.000185977980973796,protein_coding
ENSG00000138035,9606.ENSP00000400646,PNPT1,True,True,4.74532509865348,0.952778196589746,0.336943934357788,4.41324528766908,-6.43298911106821,8.14544687471628e-05,protein_coding
ENSG00000138134,9606.ENSP00000360994,STAMBPL1,True,True,5.916427613865451,0.353174378112795,0.67477199437245,5.63494895250461,-2.76698914612305,0.0074208893181712705,protein_coding
ENSG00000138182,9606.ENSP00000360793,KIF20B,True,True,5.60634457457846,-0.29830451245024897,0.724090694957761,5.00630863723837,-2.7829904529406297,0.00583618781489776,protein_coding
ENSG00000138442,9606.ENSP00000261015,WDR12,True,True,4.78628627428626,0.454367252219116,0.554873445332663,4.38348109498242,-3.55361032272897,0.00596755290129753,protein_coding
ENSG00000138592,9606.ENSP00000379721,USP8,True,True,7.2056438828685705,1.01995578027479,0.072910561951991,7.132557862765,-2.53457612312353,0.000557973036730793,protein_coding
ENSG00000138613,9606.ENSP00000261879,APH1B,True,True,7.37532049595221,2.2893953852794904,7.849456582629849e-05,8.388407251715371,0.835077203834622,0.21068675070249104,protein_coding
ENSG00000138735,9606.ENSP00000347046,PDE5A,True,True,5.0199561156861785,0.690018146936581,0.449088591757929,4.8258422896512405,-4.0058359192453095,0.000670930076897892,protein_coding
ENSG00000138768,9606.ENSP00000444850,USO1,True,True,7.063186868516119,0.5452129625378039,0.29688463437934803,6.85417091520684,-2.4816594756900896,0.00940335110620469,protein_coding
ENSG00000138829,9606.ENSP00000424571,FBN2,True,True,7.471446819536362,2.42692119432477,0.00229241593109679,7.53294263597792,-4.96870383921458,8.28462041555257e-07,protein_coding
ENSG00000139174,9606.ENSP00000345064,PRICKLE1,True,True,2.16750084286778,0.518016007635855,0.682270688755907,1.87436097097201,-9.660368665935321,0.00011999227728241499,protein_coding
ENSG00000139505,9606.ENSP00000371221,MTMR6,True,True,6.6131598532857,1.9587011712741296,0.00361406729523806,6.88389374482532,-1.40132872902025,0.106735949756234,protein_coding
ENSG00000139514,9606.ENSP00000370128,SLC7A1,True,True,6.181268015881572,1.5277093542322902,0.0267309199957069,6.2469714269009184,-3.54238518429959,0.008952927027809629,protein_coding
ENSG00000139613,9606.ENSP00000267064,SMARCC2,True,True,6.881037805306961,0.8818534905249781,0.169848113650859,6.74064523731792,-3.00860571064138,0.0071772033876186,protein_coding
ENSG00000139624,9606.ENSP00000325485,CERS5,True,True,4.5583150034133,1.7205715049069898,0.109387514197513,4.6216993765238605,-5.777829591118821,0.00119265058778145,protein_coding
ENSG00000139675,9606.ENSP00000350090,HNRNPA1L2,True,True,1.5830521598286995,2.32366355091954,0.0235498010997708,1.75803687907313,-9.539569475794279,6.38750608726017e-06,protein_coding
ENSG00000139697,9606.ENSP00000387361,SBNO1,True,True,9.40913815734632,-0.0311686780861929,0.9636985879062672,8.90621814054165,-2.4388181422965496,0.000300052273130073,protein_coding
ENSG00000140199,9606.ENSP00000346112,SLC12A6,True,True,8.79024561177536,0.946195859344732,0.106673776619064,8.71491429413325,-2.09434079073503,0.00195096527616305,protein_coding
ENSG00000140386,9606.ENSP00000454973,SCAPER,True,True,7.57652774241647,0.8596433972022641,0.112416626305856,7.46000407034851,-2.8350241590047505,0.000933950178652176,protein_coding
ENSG00000140395,9606.ENSP00000267973,WDR61,True,True,5.687036148874121,1.59505041508518,0.0247277320781317,5.72574308587422,-3.21474050338624,0.00286727887377867,protein_coding
ENSG00000140632,9606.ENSP00000322716,GLYR1,True,True,7.198151238221638,-0.767320998839688,0.298277742217169,6.26101883493691,-5.634822295826732,1.99052164003847e-05,protein_coding
ENSG00000140650,9606.ENSP00000268261,PMM2,True,True,4.8244199389933495,-2.14120659235488,0.121174838175701,2.9719057785305094,-4.26831706406583,0.0050242992162488785,protein_coding
ENSG00000140950,9606.ENSP00000343635,MEAK7,True,True,3.90271517537864,0.05403043087858,0.969497465120687,3.37437466988214,-8.99985724666752,1.1320425299386098e-05,protein_coding
ENSG00000140983,9606.ENSP00000321971,RHOT2,True,True,4.90557312168687,1.23559656730807,0.111425670305864,4.82072259680062,-7.76296288885864,1.53506702094705e-07,protein_coding
ENSG00000141030,9606.ENSP00000268717,COPS3,True,True,6.90118716821533,0.6546194079674991,0.27616329176046,6.7554069461043,-2.59158165675811,0.00510277225302576,protein_coding
ENSG00000141519,9606.ENSP00000380679,CCDC40,True,True,6.64535064987693,0.9667356198797908,0.17462603887231198,6.41330265663867,-5.06530222397314,1.24470218148259e-05,protein_coding
ENSG00000141577,9606.ENSP00000393583,CEP131,True,True,5.09834231397876,2.5491190602526097,0.009479161227919029,7.53707591377641,3.27169733968179,0.0126809030346723,protein_coding
ENSG00000141736,9606.ENSP00000269571,ERBB2,True,True,6.678984705306162,-0.937134841821885,0.398481297663633,5.62914477095227,-13.4727644890926,2.35014687114794e-08,protein_coding
ENSG00000142039,9606.ENSP00000269967,CCDC97,True,True,7.15318008912079,0.350644837289229,0.6654250697315911,6.759282851781981,-5.2648629661302815,9.534945075014893e-07,protein_coding
ENSG00000142082,9606.ENSP00000372191,SIRT3,True,True,5.27198468153126,0.8132385081828779,0.310838407156477,5.09907446377997,-3.01635990045939,0.00330763611397045,protein_coding
ENSG00000142192,9606.ENSP00000284981,APP,True,True,6.023673256308559,-1.08227550437463,0.174155943679455,4.88633018087413,-6.690973947979258,2.06251143118436e-05,protein_coding
ENSG00000142230,9606.ENSP00000270225,SAE1,True,True,7.04730529599157,2.0281755288752903,0.0015160032925947199,7.289374442894549,-1.9018985990788504,0.0626112932907564,protein_coding
ENSG00000142507,9606.ENSP00000270586,PSMB6,True,True,5.43958145040324,2.38868834165972,0.00393300664465224,5.72177521191879,-1.36125787675785,0.238708148949363,protein_coding
ENSG00000142583,9606.ENSP00000366641,SLC2A5,True,True,7.10708397703146,2.25212267976623,0.0029843812491365,7.456520853215048,-1.25894074009877,0.106735949756234,protein_coding
ENSG00000142751,9606.ENSP00000363250,GPN2,True,True,3.3132046488529503,0.40969812604956896,0.7525588546469849,3.00447125289202,-10.8219536674578,1.67322960998484e-05,protein_coding
ENSG00000143155,9606.ENSP00000356807,TIPRL,True,True,4.94918673284245,-0.4568860659451261,0.6069725404478679,4.12328115445453,-5.0609416990810585,4.98288967090139e-05,protein_coding
ENSG00000143379,9606.ENSP00000271640,SETDB1,True,True,6.26028646086424,-0.0893764806924969,0.914048980494954,5.598156692150741,-6.07762862283929,4.801394714295649e-07,protein_coding
ENSG00000143393,9606.ENSP00000357869,PI4KB,True,True,6.62137416136394,0.5875295571736779,0.358641670178613,6.33843153253353,-6.271723376511461,2.52830430515204e-08,protein_coding
ENSG00000143434,9606.ENSP00000357909,SEMA6C,True,True,5.738004899820732,-1.55455236953361,0.0874713811179588,4.28277828573106,-12.118995135127301,1.83715153452252e-09,protein_coding
ENSG00000143815,9606.ENSP00000339883,LBR,True,True,5.65186731894005,0.0930708843221396,0.921774378320424,5.14986786886583,-9.41880570545443,2.9467416612644398e-08,protein_coding
ENSG00000143919,9606.ENSP00000367755,CAMKMT,True,True,4.85537899247437,0.519641870721153,0.6170251033776429,4.55494947443188,-5.53099743045223,0.00019327042369329296,protein_coding
ENSG00000143942,9606.ENSP00000295304,CHAC2,True,True,3.18758623323933,2.19822384519472,0.0802909174545427,3.3035302619966096,-6.7957465510782695,0.000170266443565397,protein_coding
ENSG00000144043,9606.ENSP00000272438,TEX261,True,True,7.973143849776,1.81643877908723,0.00166221731431434,8.08808375115634,-2.59440632812112,0.00657820370493321,protein_coding
ENSG00000144580,9606.ENSP00000273064,CNOT9,True,True,6.410462532228482,0.0811105105190409,0.927670963402769,5.946412605353348,-3.4134206246816303,0.0009683294853299981,protein_coding
ENSG00000144744,9606.ENSP00000354340,UBA3,True,True,3.94741089375468,0.645684954751067,0.50556106498973,3.66363776991861,-5.08230048147612,0.000233401571521729,protein_coding
ENSG00000145050,9606.ENSP00000432799,MANF,True,True,5.3716280488680495,2.72525882737159,0.00310009108804765,5.95526747946616,-0.6823256700854319,0.606211968078854,protein_coding
ENSG00000145216,9606.ENSP00000336752,FIP1L1,True,True,5.3722085110815,-0.616555320806281,0.41651850654622297,4.53751671095392,-3.432942146775689,0.000617836781296512,protein_coding
ENSG00000145354,9606.ENSP00000273986,CISD2,True,True,3.76062163889444,1.8563359449518704,0.0570971023492208,3.82027454023057,-11.6517758042269,2.11289224725848e-07,protein_coding
ENSG00000145358,9606.ENSP00000354830,DDIT4L,True,True,3.3791201813614498,1.98262374521421,0.0661375135626157,3.4745776635460497,-11.3020921714025,2.3013693774215597e-06,protein_coding
ENSG00000145632,9606.ENSP00000274289,PLK2,True,True,7.12421127669646,1.9346212208610096,0.0029529585974674,7.30112487203539,-2.1362804904561,0.0450398955860474,protein_coding
ENSG00000145740,9606.ENSP00000379836,SLC30A5,True,True,2.80487186239092,-0.814288792841854,0.3869633465142371,1.87142982038562,-9.657836418132499,1.63905550721605e-06,protein_coding
ENSG00000145996,9606.ENSP00000274695,CDKAL1,True,True,4.979336939412071,-1.00499455186222,0.324336639606404,3.92039166774327,-8.22486097829351,2.49475910482873e-06,protein_coding
ENSG00000146205,9606.ENSP00000274979,ANO7,True,True,3.31355284142196,-2.30762307204688,0.0455374715844935,1.30314487755748,-5.0293933624949005,0.000511023583272238,protein_coding
ENSG00000146476,9606.ENSP00000356263,ARMT1,True,True,3.1557209059429403,0.35970359207617,0.7139016144844829,2.8263785379769097,-7.513410505536081,1.06473000363946e-05,protein_coding
ENSG00000146729,9606.ENSP00000313050,NIPSNAP2,True,True,3.93912158300383,-0.9770948029521508,0.34499410276387604,2.90589370304133,-6.17378651767165,0.000335694115658908,protein_coding
ENSG00000146757,9606.ENSP00000332595,ZNF92,True,True,3.2813141531138394,-0.179719021249383,0.886002364776427,2.69611138834298,-5.15495169665334,0.00183311009293058,protein_coding
ENSG00000146830,9606.ENSP00000275732,GIGYF1,True,True,5.12381751620646,-1.29780267223823,0.123933393943853,3.83432581988769,-8.9666970525692,1.19671802857001e-06,protein_coding
ENSG00000148019,9606.ENSP00000365782,CEP78,True,True,5.453776809794941,1.22000216096171,0.117726466050357,5.397120556188001,-5.4538146675606916,1.6318905948562193e-05,protein_coding
ENSG00000148175,9606.ENSP00000286713,STOM,True,True,4.81570134951068,1.20089565268003,0.178790913317314,4.61429704822703,-7.3178099057803,1.9081761097004002e-07,protein_coding
ENSG00000148308,9606.ENSP00000361180,GTF3C5,True,True,5.531367725068481,0.991861243017148,0.16841048270551506,5.38638289700254,-3.50152785477948,0.009172334178844459,protein_coding
ENSG00000148358,9606.ENSP00000361483,GPR107,True,True,5.2515669431408485,-0.197660892318979,0.847632712231812,4.66564556706734,-4.18806175626912,0.000802117846872144,protein_coding
ENSG00000148384,9606.ENSP00000360777,INPP5E,True,True,5.04427125449422,2.2079016746590296,0.0248034785094365,5.03808512852035,-6.66094951649549,7.163701259210001e-06,protein_coding
ENSG00000149182,9606.ENSP00000434442,ARFGAP2,True,True,4.8568360853529,1.75253642801709,0.0400807406349743,4.874315926518451,-6.1021503903830885,1.63905550721605e-06,protein_coding
ENSG00000149474,9606.ENSP00000392318,KAT14,True,True,4.7293362807399815,-1.82287383975527,0.0753127697542225,2.92983151786493,-9.191911525420073,3.4811862562538596e-05,protein_coding
ENSG00000150672,9606.ENSP00000365272,DLG2,True,True,6.210945639730282,0.104891381455063,0.914038452221741,5.6687930909440984,-5.456016958759768,7.36870884183382e-05,protein_coding
ENSG00000150768,9606.ENSP00000280346,DLAT,True,True,5.50096128861572,1.25832890428842,0.151817624364359,5.512048419402442,-3.62720624566228,0.00284720075550191,protein_coding
ENSG00000150967,9606.ENSP00000440288,ABCB9,True,True,5.05885414660192,1.44103683504614,0.0740968727178348,5.00075790283737,-4.5475954859005,0.000118740954998979,protein_coding
ENSG00000151005,9606.ENSP00000280605,TKTL2,True,True,7.71065489404876,1.90938693106547,0.0288509971354878,7.928830654379048,-2.01973352859724,0.00152373455145897,protein_coding
ENSG00000151012,9606.ENSP00000280612,SLC7A11,True,True,3.4538677718391604,0.430966519232744,0.710454738107961,3.12081540872145,-7.87288028850441,2.91079025523968e-05,protein_coding
ENSG00000151164,9606.ENSP00000376440,RAD9B,True,True,5.996438912465509,0.237000292599976,0.800235629513003,5.50369409331826,-4.39134215914806,0.000671533501011114,protein_coding
ENSG00000151503,9606.ENSP00000433681,NCAPD3,True,True,6.283980069106638,-0.494973113139085,0.583544134014196,5.54333280958498,-3.59149400521924,0.00295732787989511,protein_coding
ENSG00000151962,9606.ENSP00000281722,RBM46,True,True,6.12531932309528,0.8726772677274641,0.217048389014474,5.8943565981108295,-6.19706105603095,5.460620896934909e-07,protein_coding
ENSG00000152086,9606.ENSP00000318197,TUBA3E,True,True,6.82133459891855,2.40740676304323,0.000886409621204728,6.947528850233869,-3.61603154249711,5.27241043549587e-05,protein_coding
ENSG00000152404,9606.ENSP00000282251,CWF19L2,True,True,4.24003263495281,0.985139653708992,0.285306588536807,4.1023754342042,-5.42390495780941,7.685205245332009e-05,protein_coding
ENSG00000152942,9606.ENSP00000426191,RAD17,True,True,1.82786684043295,-0.5376554086572249,0.6384082914935899,1.08312886547974,-8.82780927318557,3.4119027981794504e-05,protein_coding
ENSG00000153107,9606.ENSP00000339109,ANAPC1,True,True,4.91696633962537,-0.24182703810070605,0.786527058713641,4.24722007882656,-7.47253665511828,1.64917246439858e-07,protein_coding
ENSG00000153132,9606.ENSP00000326699,CLGN,True,True,8.00165105914314,2.30200816360287,0.00131621342262646,8.39219860005717,-0.879382197169455,0.236610344162837,protein_coding
ENSG00000153767,9606.ENSP00000283875,GTF2E1,True,True,3.08655044131467,-0.7419894506331072,0.486033502183752,2.21776058009472,-10.0152873725351,5.89271001074368e-06,protein_coding
ENSG00000153914,9606.ENSP00000334538,SREK1,True,True,6.89931000275598,0.283033562804018,0.6389346621984621,6.585951029694999,-2.15932652074344,0.008308110096042091,protein_coding
ENSG00000153933,9606.ENSP00000284061,DGKE,True,True,6.57884661125284,0.783522562692417,0.24005625022933105,6.36163670458986,-5.22078832778536,8.75371025998523e-06,protein_coding
ENSG00000154114,9606.ENSP00000403925,TBCEL,True,True,5.0377607869537,0.784013505393234,0.366197928573391,4.8892370868206605,-3.38186777127177,0.00990757290922072,protein_coding
ENSG00000154611,9606.ENSP00000311121,PSMA8,True,True,3.67289624443469,0.924490977347499,0.363750670061918,3.47211750157317,-4.87235706829162,0.000177569804600102,protein_coding
ENSG00000154920,9606.ENSP00000376952,EME1,True,True,5.854848538783151,1.31475374729856,0.170923079835524,5.68139989385408,-4.5144873033799495,0.004667050623110521,protein_coding
ENSG00000155506,9606.ENSP00000336721,LARP1,True,True,8.46765320559725,0.385905521447166,0.518610485938598,8.15140098094013,-2.7109160018791,0.000557520902333464,protein_coding
ENSG00000155636,9606.ENSP00000286070,RBM45,True,True,3.0367495159683595,2.46904774935189,0.0273040357040131,3.2283265846840603,-7.92100885367626,2.4252010303693694e-05,protein_coding
ENSG00000156414,9606.ENSP00000387303,TDRD9,True,True,6.94497816024514,0.946716366339518,0.144874558966069,6.72175947224327,-4.94654424198668,2.1747292144065e-05,protein_coding
ENSG00000156509,9606.ENSP00000403293,FBXO43,True,True,6.3886488465882,1.2654059641756,0.0984403042580047,6.21921071221491,-6.382655095354849,4.95870482492046e-08,protein_coding
ENSG00000156521,9606.ENSP00000287078,TYSND1,True,True,6.39537191394369,2.3331032081857903,0.0038981918844827297,7.56795338065487,1.12685863641894,0.133222002639727,protein_coding
ENSG00000156958,9606.ENSP00000453129,GALK2,True,True,3.3764101641159505,0.7346274893234259,0.496367576910092,3.1454559927548,-5.099042375809098,0.00137632108409829,protein_coding
ENSG00000156976,9606.ENSP00000326381,EIF4A2,True,True,7.00279862225893,0.321144718659283,0.6510955605327801,6.661518388544558,-3.72813801707737,0.000374509992117135,protein_coding
ENSG00000156983,9606.ENSP00000373340,BRPF1,True,True,5.64294292376871,0.6318224429293751,0.408153858617254,5.36663491900196,-5.141152543752192,3.28242913706152e-05,protein_coding
ENSG00000157184,9606.ENSP00000360541,CPT2,True,True,5.22601342475678,-0.665167366397489,0.453794151428624,4.35390529331054,-3.66277222248829,0.00619399729551034,protein_coding
ENSG00000157193,9606.ENSP00000303634,LRP8,True,True,6.34565023464628,-0.706642512418271,0.383803672317644,5.45119302825569,-5.030869085303889,3.33250598038427e-05,protein_coding
ENSG00000157796,9606.ENSP00000382717,WDR19,True,True,7.205186702254242,1.01003577261951,0.151187714367865,7.14589469084966,-2.46577543837925,0.00157412451113879,protein_coding
ENSG00000157823,9606.ENSP00000338777,AP3S2,True,True,4.05422388100902,1.8028664513637296,0.0649453189087001,4.097789391019751,-11.932653526518099,2.35514564685182e-07,protein_coding
ENSG00000158158,9606.ENSP00000366275,CNNM4,True,True,6.79683379600608,0.11624648346858997,0.9005074202599549,6.27437732404403,-2.71374138597442,0.00674949614662317,protein_coding
ENSG00000158445,9606.ENSP00000360806,KCNB1,True,True,2.7980141201377497,0.31895267543437394,0.8289586760270848,2.39177625251757,-10.197976126484901,7.4793320371253e-05,protein_coding
ENSG00000158793,9606.ENSP00000356988,NIT1,True,True,3.44265001050657,-1.21829248052774,0.232613620105026,2.24551820780291,-5.0111038406334405,0.000196320464655974,protein_coding
ENSG00000158828,9606.ENSP00000364204,PINK1,True,True,5.028267542291791,0.523435451044974,0.6481913242409739,4.73501236930248,-4.25811470836111,0.00157688690510458,protein_coding
ENSG00000159069,9606.ENSP00000313034,FBXW5,True,True,7.3462560693487795,1.6777129085875202,0.00968664824907362,8.08201442652861,0.391762644555317,0.631705358582703,protein_coding
ENSG00000159593,9606.ENSP00000351990,NAE1,True,True,5.95605316824485,-1.32579884722685,0.0944011387521776,4.55815352862805,-8.35507521067772,1.37325580047221e-08,protein_coding
ENSG00000160124,9606.ENSP00000291458,CCDC58,True,True,2.84109410443635,0.254962427774843,0.856285406180072,2.4645197658843,-10.2704640884435,1.65060978190058e-06,protein_coding
ENSG00000160336,9606.ENSP00000480218,ZNF761,True,True,1.61789472475504,0.189794279005557,0.8750478013391009,1.18669679951598,-4.926889117167759,0.0020317359333654602,protein_coding
ENSG00000160471,9606.ENSP00000467266,COX6B2,True,True,7.05922734077626,1.78717152082568,0.0127655766010082,7.04686975099745,-5.229417852413191,3.50324954883992e-05,protein_coding
ENSG00000160633,9606.ENSP00000467423,SAFB,True,True,5.65968482790497,0.193646873200767,0.79751655266396,5.25087331921695,-4.11279823240597,0.000104608189741363,protein_coding
ENSG00000160818,9606.ENSP00000396441,GPATCH4,True,True,3.66980428699992,0.7726243458474269,0.479744074838116,3.46461123194373,-4.5672813900423215,0.00171952750533171,protein_coding
ENSG00000160867,9606.ENSP00000292408,FGFR4,True,True,3.71283331530646,-2.3060458787161897,0.066327044061072,1.71149601443793,-9.489518892329679,3.7679238419310495e-05,protein_coding
ENSG00000161973,9606.ENSP00000293845,CCDC42,True,True,6.6100688183285,2.0074490769618003,0.00436468942934669,6.80445268884487,-2.18316015133052,0.0307679107396296,protein_coding
ENSG00000162066,9606.ENSP00000391596,AMDHD2,True,True,4.497068198213,2.8154668471268303,0.00108729516831254,4.873003345918769,-1.4841895590648202,0.14438864715032598,protein_coding
ENSG00000162298,9606.ENSP00000366395,SYVN1,True,True,6.478045801572058,-0.115672243306387,0.911647409994879,5.9358672807726,-4.98461890006558,0.00055649476820526,protein_coding
ENSG00000162408,9606.ENSP00000366934,NOL9,True,True,5.967263716639861,-3.75628867960584,0.000103174431616526,2.7435528089591803,-3.4695806403896,0.0076112479097516905,protein_coding
ENSG00000162639,9606.ENSP00000359049,HENMT1,True,True,6.7161390126218095,0.547236833768764,0.4364717342535071,6.37848066759678,-5.9297260260923315,5.7220793685914e-07,protein_coding
ENSG00000162735,9606.ENSP00000357051,PEX19,True,True,6.179451163570759,-1.3835250341776002,0.0988627414893379,4.84428284519642,-5.9795684300545,1.06473000363946e-05,protein_coding
ENSG00000162736,9606.ENSP00000294785,NCSTN,True,True,7.06828360350981,0.43407806534114296,0.580303078498422,6.65198378449574,-4.35616216678934,0.000104950293624357,protein_coding
ENSG00000162782,9606.ENSP00000406052,TDRD5,True,True,6.980324571169491,0.435115925670183,0.540129714651001,6.61533328764038,-3.51864416617171,0.00301982363621609,protein_coding
ENSG00000162813,9606.ENSP00000446828,BPNT1,True,True,3.31964634872369,2.86125274839564,0.00426051242026364,3.6351261591172896,-2.7461575447562003,0.0459124689294685,protein_coding
ENSG00000163249,9606.ENSP00000342344,CCNYL1,True,True,5.56896676831229,0.9625834524638628,0.161157642591581,5.4135219748939,-4.45059202033886,0.000126353250996755,protein_coding
ENSG00000163596,9606.ENSP00000478645,ICA1L,True,True,5.88200429806409,0.7856780686499789,0.326458296005139,5.74170888578465,-2.86960828966736,0.006097869896050079,protein_coding
ENSG00000163684,9606.ENSP00000412894,RPP14,True,True,3.9351664112435,2.25090208831178,0.0406298214513912,4.03413973349065,-5.916011851097809,0.000683844552393644,protein_coding
ENSG00000163703,9606.ENSP00000321856,CRELD1,True,True,4.61068698542549,-1.1472349533381798,0.31514636364074,3.4452816491953904,-4.11451873880477,0.0046339826942034396,protein_coding
ENSG00000163714,9606.ENSP00000418563,U2SURP,True,True,6.5415178505848885,-1.0981657822657,0.0450241859584863,5.43491257380095,-3.55635121694238,0.0006663220984423339,protein_coding
ENSG00000163798,9606.ENSP00000479964,SLC4A1AP,True,True,5.21814519496456,0.29196185102620503,0.69245722276387,4.83941787839826,-4.22580628188036,2.6785458357928895e-05,protein_coding
ENSG00000163877,9606.ENSP00000296215,SNIP1,True,True,5.38718458108499,-1.84337413482111,0.0519170781291366,3.61326516169117,-5.79279731164726,7.398962966488921e-05,protein_coding
ENSG00000163913,9606.ENSP00000296266,IFT122,True,True,8.54718637547221,1.67958625144822,0.00229552716254518,8.97198978612865,-0.432396073386104,0.496110100302229,protein_coding
ENSG00000163918,9606.ENSP00000376272,RFC4,True,True,4.73461377137702,2.6602250605108,0.00685613810745371,4.843803175569612,-2.1232663721908502,0.121244422198269,protein_coding
ENSG00000164032,9606.ENSP00000296417,H2AFZ,True,True,7.20462048342563,0.773612973416775,0.229965482374541,6.98582304083804,-5.864484051217262,8.87291090273869e-06,protein_coding
ENSG00000164104,9606.ENSP00000296503,HMGB2,True,True,6.57257889122999,1.11615821300404,0.0680463610560408,6.5168396065478005,-2.79581737924917,0.000572171739096477,protein_coding
ENSG00000164109,9606.ENSP00000296509,MAD2L1,True,True,3.6467733603380297,2.49112655322691,0.0104125005692573,3.8442547962192006,-11.6761756288703,1.93329336808173e-07,protein_coding
ENSG00000164134,9606.ENSP00000296543,NAA15,True,True,5.726375237500348,0.5757065945427379,0.4032076197963769,5.46617526022858,-3.1917541002676404,0.00653404089333578,protein_coding
ENSG00000164331,9606.ENSP00000296785,ANKRA2,True,True,4.59424459465195,1.5767094603505802,0.102479217802636,4.64099084773834,-8.808003383222369,6.81436583131431e-07,protein_coding
ENSG00000164398,9606.ENSP00000368566,ACSL6,True,True,5.499479224922039,2.13714993871867,0.0039051152640787296,5.6153163069198095,-4.22528528622535,0.000118740954998979,protein_coding
ENSG00000164463,9606.ENSP00000296953,CREBRF,True,True,6.97958847287429,-0.96080298437948,0.187390427898679,5.847411954810831,-4.939013916058969,5.31380230753004e-05,protein_coding
ENSG00000164818,9606.ENSP00000297440,DNAAF5,True,True,4.34788585969646,0.5774776259062739,0.562846916422891,4.10659345934866,-11.9408485358385,9.61046837455608e-08,protein_coding
ENSG00000164934,9606.ENSP00000297579,DCAF13,True,True,5.006768451255441,0.6369936331346291,0.4599451024576041,4.79461289534612,-3.88202995894058,0.000434849932009246,protein_coding
ENSG00000165338,9606.ENSP00000401023,HECTD2,True,True,5.58672111913426,-0.593821699110849,0.467787691137699,4.728874656163991,-8.457865205661289,7.300846408413051e-09,protein_coding
ENSG00000165733,9606.ENSP00000363642,BMS1,True,True,5.6277407457165305,-1.15113104375731,0.123605765817853,4.39998229860764,-3.37335332907787,0.00509826816242665,protein_coding
ENSG00000166105,9606.ENSP00000396615,GLB1L3,True,True,6.32677623299919,-3.23946331025402,0.0031136738207896307,3.45215197113804,-8.62440942156671,4.18264275672942e-06,protein_coding
ENSG00000166181,9606.ENSP00000431391,API5,True,True,4.68938536276405,-0.2686340461333,0.732516491124772,4.031688090551629,-4.5454200527219815,0.000232151839132519,protein_coding
ENSG00000166225,9606.ENSP00000447241,FRS2,True,True,5.94721956051484,-1.1564186260196598,0.138496872014146,4.68628824380301,-3.60416157840134,0.00117105394240543,protein_coding
ENSG00000166596,9606.ENSP00000339449,CFAP52,True,True,5.20280650852542,2.45150694034647,0.00653314727327229,5.2376515319884005,-5.77121852700863,3.01734169438701e-05,protein_coding
ENSG00000166800,9606.ENSP00000280706,LDHAL6A,True,True,4.20667622257707,1.4854824407121,0.0929292568623517,4.21771548044716,-5.52707320843858,7.16495811814487e-05,protein_coding
ENSG00000166847,9606.ENSP00000300087,DCTN5,True,True,6.480831537412571,0.25812513969895,0.7216423194151229,6.0084573500993095,-3.2945459774471004,0.00543494316368358,protein_coding
ENSG00000166881,9606.ENSP00000300128,NEMP1,True,True,6.160854608131219,1.39656206334644,0.0335348119573172,6.1530518769146205,-4.90197857747,0.00019570810706221698,protein_coding
ENSG00000166965,9606.ENSP00000377801,RCCD1,True,True,4.77852092549972,0.99351872293099,0.31453573298518395,4.6136245665498485,-5.81977691684893,5.70824150879709e-05,protein_coding
ENSG00000167112,9606.ENSP00000361982,TRUB2,True,True,3.65878208037943,-0.6029997437954762,0.641083407062597,2.84762698194717,-4.26567635848818,0.00582612181974712,protein_coding
ENSG00000167447,9606.ENSP00000438748,SMG8,True,True,3.70409521671898,-0.339788192510734,0.7955408288981579,2.7901619430981404,-10.6058278469547,4.36184384240411e-06,protein_coding
ENSG00000167740,9606.ENSP00000301391,CYB5D2,True,True,6.1220039509980095,2.31367371962174,0.0025081867659647607,6.88143362241286,0.103290614225535,0.930469006743272,protein_coding
ENSG00000168615,9606.ENSP00000419446,ADAM9,True,True,3.06530056724258,-0.4633010873849821,0.698074627266857,2.3919062029825096,-4.60360830923226,0.0032918678300520397,protein_coding
ENSG00000168872,9606.ENSP00000306117,DDX19A,True,True,2.47773084232956,0.201844027176161,0.8779074962008871,2.0766683587000503,-3.87134210419882,0.00822766936524014,protein_coding
ENSG00000168936,9606.ENSP00000372394,TMEM129,True,True,2.9311481340888603,1.81638850800526,0.0975421545702106,2.9917947324074,-10.8106058259949,8.971974273279509e-07,protein_coding
ENSG00000169679,9606.ENSP00000302530,BUB1,True,True,6.954660339382089,1.45774249492589,0.0162506532322019,7.0245952222837005,-2.59977585508894,0.00809136364816114,protein_coding
ENSG00000169902,9606.ENSP00000302413,TPST1,True,True,6.00115537725133,1.8594269574596205,0.00187301945384835,6.0672318374074194,-4.22445325497346,0.00011529265951758301,protein_coding
ENSG00000170315,9606.ENSP00000304697,UBB,True,True,6.478887008046678,1.50897530450203,0.00742438393995187,6.8145233070479705,-0.4887703598865689,0.4890530545801071,protein_coding
ENSG00000170540,9606.ENSP00000306788,ARL6IP1,True,True,7.05825066464701,2.51381540402529,0.0015160032925947199,7.44633915657557,-1.59442900482014,0.0372076403509803,protein_coding
ENSG00000170633,9606.ENSP00000376258,RNF34,True,True,5.07055822151675,0.310936241654898,0.6904707040816271,4.7104864422093,-3.93323766817249,0.0015575404172846901,protein_coding
ENSG00000170791,9606.ENSP00000306425,CHCHD7,True,True,3.36158187892677,-0.360574567284219,0.789139323706177,2.7153502144478305,-10.525636505604199,4.54095232501706e-05,protein_coding
ENSG00000170876,9606.ENSP00000303992,TMEM43,True,True,5.5490847486029296,-0.27722712740718103,0.8236910044432041,4.60999659235357,-7.30044412386196,6.60100031368325e-05,protein_coding
ENSG00000171105,9606.ENSP00000303830,INSR,True,True,5.2271633256989,-2.5584585861709104,0.00360774788684646,3.04168194280683,-4.1054728168505,0.00453730311786303,protein_coding
ENSG00000171109,9606.ENSP00000420617,MFN1,True,True,5.08357117535534,0.673878592332073,0.40666540318647,4.7899467455078,-6.14328298687264,1.4790652515189499e-05,protein_coding
ENSG00000171320,9606.ENSP00000306999,ESCO2,True,True,5.18438693236262,-3.0381324462424097,0.00199017700886932,2.584942994742,-4.979263854940848,0.00171636407021258,protein_coding
ENSG00000171467,9606.ENSP00000354964,ZNF318,True,True,8.843570667862961,0.9945356361635308,0.0476097548092596,8.76416751336377,-2.58321589739759,6.37232013251566e-05,protein_coding
ENSG00000171530,9606.ENSP00000306362,TBCA,True,True,3.10977742904862,2.74052395386327,0.00311437175624155,4.81942266315413,1.88741676911432,0.111057678532664,protein_coding
ENSG00000171595,9606.ENSP00000400252,DNAI2,True,True,6.65216880200873,1.36191736234438,0.0666711331191938,6.6754725116277305,-2.64909061053795,0.00339992537252473,protein_coding
ENSG00000171989,9606.ENSP00000302393,LDHAL6B,True,True,5.11683084189249,1.11890784670477,0.23678084098123495,5.00854377249854,-4.48809922098045,0.000212627433741968,protein_coding
ENSG00000172273,9606.ENSP00000318085,HINFP,True,True,4.55905431813859,-0.139246656926893,0.9028217599091348,3.93506023726323,-8.61736864652233,1.28089354223516e-05,protein_coding
ENSG00000172831,9606.ENSP00000317842,CES2,True,True,3.4964033737176,0.463108384576848,0.7124240874090931,3.13561220376542,-10.9574584545208,5.72106021197015e-07,protein_coding
ENSG00000172936,9606.ENSP00000401399,MYD88,True,True,5.405828396247991,2.56881845198421,0.0123696207088061,5.487008177658288,-5.08357072987161,9.83385249357433e-05,protein_coding
ENSG00000172939,9606.ENSP00000311713,OXSR1,True,True,5.00248828321002,0.8302301250760749,0.264867268149007,4.828538691758951,-3.3979499848693995,0.00438248595503456,protein_coding
ENSG00000172977,9606.ENSP00000340330,KAT5,True,True,4.52354577769836,-0.0865625262250302,0.9491071724813192,3.97795250890996,-11.811320068840999,1.75140088033988e-07,protein_coding
ENSG00000173041,9606.ENSP00000309330,ZNF680,True,True,2.64468308954954,-0.8950752817269308,0.361396337462334,1.64182697237414,-7.80395224516163,2.7065089916878602e-05,protein_coding
ENSG00000173262,9606.ENSP00000445929,SLC2A14,True,True,7.26034853264937,2.6236216925404103,0.0006831942505908911,7.7889290009936785,-0.801665324720366,0.542374459990957,protein_coding
ENSG00000173542,9606.ENSP00000379366,MOB1B,True,True,4.8167143840598206,-0.129175168844436,0.8980247314418299,4.16615810278397,-12.0014032230792,9.573077527133e-08,protein_coding
ENSG00000173653,9606.ENSP00000309163,RCE1,True,True,4.87540345752176,0.20436811114529896,0.8615553842788499,4.4428800293605,-6.518217333422519,8.9305144748775e-05,protein_coding
ENSG00000173692,9606.ENSP00000309474,PSMD1,True,True,6.3977453807646505,0.260604297541323,0.731153858799185,5.92975635385769,-7.26651173220512,5.03682779049474e-07,protein_coding
ENSG00000173933,9606.ENSP00000386894,RBM4,True,True,4.03359987976613,1.70805978178321,0.0837696955225615,4.08374986585769,-8.583827574422129,4.28012944287919e-06,protein_coding
ENSG00000173992,9606.ENSP00000436318,CCS,True,True,4.36566143559856,3.0597958123154503,0.0163755048771841,4.6502169355841,-7.21995534903872,0.00021142154400356002,protein_coding
ENSG00000174547,9606.ENSP00000308897,MRPL11,True,True,2.55149571976797,1.75983276832268,0.111313027686813,2.62086707263942,-6.17086251090433,0.000555643510685107,protein_coding
ENSG00000174903,9606.ENSP00000310226,RAB1B,True,True,6.126070527946581,0.261343660052436,0.771792831501538,5.73356099278888,-3.98198766810067,0.00195356292486994,protein_coding
ENSG00000175137,9606.ENSP00000355428,SH3BP5L,True,True,3.8456686553893,0.100054899058754,0.929630729178414,3.44204251217536,-3.82836541584952,0.00571585705339914,protein_coding
ENSG00000175305,9606.ENSP00000429089,CCNE2,True,True,4.41525233851532,2.0908391362344303,0.00840037024933399,4.55784532211787,-3.78333089141635,0.00251185983804682,protein_coding
ENSG00000175606,9606.ENSP00000312599,TMEM70,True,True,5.05552693855312,0.455677382996685,0.66768648024194,4.68096877550911,-4.86541797040426,0.000568090863050424,protein_coding
ENSG00000176148,9606.ENSP00000335595,TCP11L1,True,True,5.64888746304192,1.25858473351121,0.13861025422700102,5.5035075131165,-5.84872180656739,3.36628289636867e-06,protein_coding
ENSG00000177169,9606.ENSP00000324560,ULK1,True,True,4.27164036906016,-0.463793615235909,0.6380309970702011,3.50081328723682,-3.94887906605885,0.0073768775691935,protein_coding
ENSG00000177192,9606.ENSP00000365837,PUS1,True,True,3.25947017290315,1.5510424035436898,0.188183836854464,3.1056446352371605,-10.9278199253417,3.1079299518402307e-06,protein_coding
ENSG00000177666,9606.ENSP00000337701,PNPLA2,True,True,5.10372817732166,-1.26896840523821,0.13452607263864302,3.90951681269758,-3.2039862681633298,0.00950237315607183,protein_coding
ENSG00000177728,9606.ENSP00000313885,TMEM94,True,True,6.034459281497001,0.528987796548673,0.43640167224432,5.807320357059308,-2.86031272651021,0.00990354074571238,protein_coding
ENSG00000178031,9606.ENSP00000369921,ADAMTSL1,True,True,3.87121560342296,0.028793612793708,0.978397100208134,3.35672598393869,-3.99984994127538,0.00310327529101766,protein_coding
ENSG00000178997,9606.ENSP00000415056,EXD1,True,True,5.9440615736619815,2.301628998207049,0.00537161831632262,6.098047895926402,-6.07856656722252,8.28462041555257e-07,protein_coding
ENSG00000179218,9606.ENSP00000320866,CALR,True,True,6.730504259602691,0.610539432409765,0.335517277353792,6.514024685459019,-3.20976773463535,0.000254404843297502,protein_coding
ENSG00000179262,9606.ENSP00000467024,RAD23A,True,True,5.347371347353549,-0.3886760992314149,0.677664069359926,4.66113764973615,-5.737593745182611,8.289863094566509e-05,protein_coding
ENSG00000180233,9606.ENSP00000323879,ZNRF2,True,True,5.029797008050701,2.08077701779079,0.00425081234131635,5.1056487327329005,-5.321058644462241,5.22926745957335e-07,protein_coding
ENSG00000181450,9606.ENSP00000344828,ZNF678,True,True,4.00676501364896,0.494994917721121,0.568332285801443,3.71329475798574,-4.02945270778692,0.00602941526779125,protein_coding
ENSG00000182208,9606.ENSP00000328694,MOB2,True,True,2.85880279832,0.35144100044524995,0.7727283485102409,2.4989651570870097,-5.95400196170748,0.000345206016905662,protein_coding
ENSG00000182919,9606.ENSP00000331209,C11orf54,True,True,3.94348571277523,1.26668606191185,0.134428169904848,3.90745536438394,-6.32166323759532,7.79803224286669e-06,protein_coding
ENSG00000183207,9606.ENSP00000473172,RUVBL2,True,True,8.062927321279611,2.2758854406979903,0.0025616859438343602,8.89375692820842,0.408929107274829,0.500954671088288,protein_coding
ENSG00000183617,9606.ENSP00000331849,MRPL54,True,True,4.9282664735358885,2.97029109063703,0.000882441247053418,5.24505742513806,-2.7221455943729502,0.0289074685345213,protein_coding
ENSG00000184164,9606.ENSP00000383938,CRELD2,True,True,5.325440470472559,1.54335430620844,0.0764479739967481,5.3460150691007,-5.32351616032502,9.892450055331729e-05,protein_coding
ENSG00000184428,9606.ENSP00000328835,TOP1MT,True,True,4.8723109672976905,-0.20086407714133495,0.827508221064938,4.27539681173267,-5.5117976234029005,0.000166024581490752,protein_coding
ENSG00000184635,9606.ENSP00000342002,ZNF93,True,True,4.20218524137103,-0.010226370855841,0.993035276616874,3.63696588228814,-6.31981739917673,5.561007451360489e-05,protein_coding
ENSG00000184903,9606.ENSP00000384966,IMMP2L,True,True,3.08901225351468,2.65521555649422,0.00708352898199853,3.3366389560874903,-3.62693773106614,0.0145937431609167,protein_coding
ENSG00000185019,9606.ENSP00000217173,UBOX5,True,True,4.7503509579634695,-2.62955102326016,0.0147359791718693,2.48499894766873,-6.09117536073305,0.00024428087879412003,protein_coding
ENSG00000185024,9606.ENSP00000448323,BRF1,True,True,3.84220712136798,-0.108137946212235,0.908539351991338,3.24950736684012,-11.0735388964031,5.42979292202942e-08,protein_coding
ENSG00000185049,9606.ENSP00000372335,NELFA,True,True,5.531732962358309,-1.5869416175930402,0.0397974757684569,4.092785398011371,-3.33745789937796,0.00260706476116382,protein_coding
ENSG00000185163,9606.ENSP00000380495,DDX51,True,True,4.69553242732574,0.500255711312359,0.6889718806457961,4.39244168181503,-9.08595218891639,2.37278137557627e-05,protein_coding
ENSG00000185551,9606.ENSP00000377721,NR2F2,True,True,4.16248697935489,-1.5857466324808502,0.12281578562317598,2.67285640021023,-10.484418652043699,2.11522476570923e-05,protein_coding
ENSG00000185697,9606.ENSP00000429633,MYBL1,True,True,6.294067057238821,1.8666202293321497,0.00978043812736342,6.821632165403671,-0.212105852874373,0.8278499734099359,protein_coding
ENSG00000186185,9606.ENSP00000465992,KIF18B,True,True,4.8114959363343095,0.0482156456668794,0.972831667676657,4.20698221795698,-9.39353415334823,3.13067685154588e-06,protein_coding
ENSG00000186452,9606.ENSP00000381476,TMPRSS12,True,True,5.17383769021249,1.4638986178734898,0.109773085338068,5.11687465566528,-3.75182174011103,0.0006792781387216662,protein_coding
ENSG00000186487,9606.ENSP00000396103,MYT1L,True,True,5.808667282265018,-1.90091446630427,0.0236181342800872,4.09890677439649,-4.35088787281627,0.009022350158902041,protein_coding
ENSG00000187240,9606.ENSP00000381167,DYNC2H1,True,True,7.18019799419078,0.800332388232437,0.129830809877001,7.02141643287515,-2.49081059022612,0.000660960396004332,protein_coding
ENSG00000187535,9606.ENSP00000406012,IFT140,True,True,6.035684475586112,2.67953177378694,0.00042897530903849104,6.22316081058516,-3.98747029046002,2.23294373396455e-05,protein_coding
ENSG00000188171,9606.ENSP00000469958,ZNF626,True,True,2.17545985298846,-0.3649217045972489,0.716450411623711,1.50663273079293,-5.72057144062244,6.85586564654491e-05,protein_coding
ENSG00000188612,9606.ENSP00000405965,SUMO2,True,True,5.015614384456089,2.01698881480542,0.00831800294945024,5.39946427964857,-1.06718049262211,0.255244954960834,protein_coding
ENSG00000188895,9606.ENSP00000462945,MSL1,True,True,7.70310434499051,1.33053568430977,0.014364316152289,7.690527722526442,-2.7190061040569,0.00680486882112535,protein_coding
ENSG00000189306,9606.ENSP00000321449,RRP7A,True,True,3.61235759684807,1.26765954384774,0.17085113503256302,3.53477075621363,-6.0700781662552785,5.30669451670741e-05,protein_coding
ENSG00000196072,9606.ENSP00000359398,BLOC1S2,True,True,3.76568907323029,0.459710740374209,0.6829281024032641,3.5227370969792204,-3.55130367631617,0.00549156312035313,protein_coding
ENSG00000196155,9606.ENSP00000353646,PLEKHG4,True,True,6.1925681676624,2.6605817681204904,0.000822120565299038,6.50047261986835,-2.3585834015636404,0.0510577519519531,protein_coding
ENSG00000196177,9606.ENSP00000357873,ACADSB,True,True,4.504589914749871,0.36610558945226296,0.741626188334083,4.1353307136298,-11.970301890264,4.95939467833643e-07,protein_coding
ENSG00000196268,9606.ENSP00000376110,ZNF493,True,True,3.7177944532038,0.5908582952987089,0.593642495211427,3.42103555719613,-8.59527838838164,2.04390530417395e-06,protein_coding
ENSG00000196312,9606.ENSP00000473444,MFSD14C,True,True,4.55530830455759,0.492055201840766,0.6344129993337819,4.2822412283673295,-5.12539242764324,0.0042147356417658296,protein_coding
ENSG00000196547,9606.ENSP00000452948,MAN2A2,True,True,6.7562471555424,1.10337702324539,0.164345008925038,6.633154274029829,-4.14692997152006,0.00162558530672835,protein_coding
ENSG00000196605,9606.ENSP00000380999,ZNF846,True,True,4.92109636960808,2.7557406813144203,0.00225286974582123,5.568287878501001,-0.459602870147705,0.6260824903341109,protein_coding
ENSG00000196705,9606.ENSP00000308578,ZNF431,True,True,5.36317848575022,-0.696706011546322,0.381930885158124,4.41619336486732,-3.4559603564621697,0.00829497765868225,protein_coding
ENSG00000196876,9606.ENSP00000346534,SCN8A,True,True,5.46184817271497,-2.9644914268054503,0.00271889345996943,2.8453597334513905,-10.6610424150727,3.14484106333611e-06,protein_coding
ENSG00000197181,9606.ENSP00000349208,PIWIL2,True,True,6.83364176493291,-0.21275108219721306,0.74095633950572,6.15888794155562,-14.0038395898594,1.0638693609046999e-19,protein_coding
ENSG00000197312,9606.ENSP00000417748,DDI2,True,True,5.88589773976717,-1.23544711584423,0.132019589411939,4.66834511304931,-4.49336808480541,0.000122471886039221,protein_coding
ENSG00000197375,9606.ENSP00000245407,SLC22A5,True,True,6.14204981086201,2.24615052193237,0.0133779763555981,6.28381194397628,-14.1290984701597,1.21054832012175e-10,protein_coding
ENSG00000197818,9606.ENSP00000416418,SLC9A8,True,True,6.2485770089153885,-0.0304501194133412,0.9716632165735258,5.673395436281692,-3.85469198559687,0.00385410014928816,protein_coding
ENSG00000198001,9606.ENSP00000390651,IRAK4,True,True,3.84352083333872,1.09213477990218,0.206685544907528,3.78617190839264,-3.6649467215983,0.00119136872051852,protein_coding
ENSG00000198033,9606.ENSP00000382982,TUBA3C,True,True,8.29836231359815,2.5656502976264,7.18462932166221e-05,8.67906665863325,-1.3494717266723302,0.0457591436286148,protein_coding
ENSG00000198176,9606.ENSP00000364519,TFDP1,True,True,6.68617051985191,1.2720476707444,0.0204580293924782,6.6241953443036605,-4.1053556018029,0.000131129084255328,protein_coding
ENSG00000198464,9606.ENSP00000471754,ZNF480,True,True,3.3265533008613395,1.1030457847432902,0.21196637511244604,3.04869716924098,-10.8694286086577,5.75137944547176e-07,protein_coding
ENSG00000198546,9606.ENSP00000355251,ZNF511,True,True,5.1028340418606914,-0.7620360361748899,0.539588950092606,4.13565143498309,-11.971431704558599,1.7059541884851598e-07,protein_coding
ENSG00000198952,9606.ENSP00000355261,SMG5,True,True,6.170773507013861,-0.343279864083727,0.643440258311418,5.486307369937791,-3.72305735950712,0.0019890427598194,protein_coding
ENSG00000204262,9606.ENSP00000364000,COL5A2,True,True,2.89908438535084,0.8999059462632572,0.422517258709884,2.72614980176143,-10.5398112649671,1.8146575710609602e-05,protein_coding
ENSG00000205302,9606.ENSP00000368831,SNX2,True,True,4.53114141092284,-0.448829108601536,0.554572860967359,3.7614089207092296,-8.06427573671585,3.50371036322378e-08,protein_coding
ENSG00000206077,9606.ENSP00000442373,ZDHHC11B,True,True,2.08677832082159,0.4201415180543621,0.7753084776358409,1.7997892915733702,-9.58051133719846,9.40796558646586e-05,protein_coding
ENSG00000211460,9606.ENSP00000374332,TSN,True,True,6.36358388676126,1.7786308952515502,0.0198138319078995,6.314454673248512,-4.0793730198241205,6.28914970046993e-05,protein_coding
ENSG00000213020,9606.ENSP00000437616,ZNF611,True,True,4.6958972142503095,0.386590408099588,0.7459995071130849,4.34546088466292,-4.60912911103337,0.00287014657979964,protein_coding
ENSG00000213420,9606.ENSP00000292377,GPC2,True,True,4.322339569261359,2.98702023887998,0.00432097503688349,5.70952713924398,1.39326576521596,0.19315617765729695,protein_coding
ENSG00000213625,9606.ENSP00000483521,LEPROT,True,True,4.72206262675867,-1.70518432223315,0.0352772794114877,3.18945720247421,-4.0929719754425005,0.000900437038289915,protein_coding
ENSG00000213973,9606.ENSP00000472969,ZNF99,True,True,5.2176095364515716,1.9945491702446,0.0215190923718644,5.115833989346902,-5.5519466142539695,6.0927246789562e-05,protein_coding
ENSG00000213995,9606.ENSP00000311984,NAXD,True,True,5.29192397537743,2.38356182635629,0.00464974672943212,5.61444613872268,-0.971589334046142,0.376806288034921,protein_coding
ENSG00000214652,9606.ENSP00000485448,ZNF727,True,True,2.58492861710512,-0.0844702901332314,0.943783330451359,2.07401370060515,-5.76973140287816,0.000138315210476317,protein_coding
ENSG00000215305,9606.ENSP00000369810,VPS16,True,True,3.02150371009359,-0.689465921750527,0.6117100284733951,2.19061481594295,-5.1336594593185705,0.00179399479131042,protein_coding
ENSG00000217128,9606.ENSP00000421985,FNIP1,True,True,6.41597362172274,1.10300484074606,0.0295932699765073,6.33599904970197,-3.85342071396716,1.5308423929178694e-05,protein_coding
ENSG00000229676,9606.ENSP00000413660,ZNF492,True,True,5.41946656735852,4.9357208382595585,0.0012678830691076,5.398852470219519,-5.584195443805469,0.0170741676555926,protein_coding
ENSG00000234616,9606.ENSP00000482410,JRK,True,True,4.5693403592559685,-2.12891608380247,0.0292451173200218,2.70293895947206,-10.5136077003857,1.87450373577446e-05,protein_coding
ENSG00000255150,9606.ENSP00000435619,EID3,True,True,4.867482378946598,0.631367766721161,0.498810863966633,4.64932985527331,-3.16540926820945,0.009884695934905,protein_coding
ENSG00000256061,9606.ENSP00000323275,DNAAF4,True,True,1.82506086498907,2.27788133328429,0.0162506532322019,1.9491699251357,-4.93183949746611,0.00033246595424286604,protein_coding
ENSG00000256229,9606.ENSP00000335042,ZNF486,True,True,1.1483203153791002,1.9373273163560605,0.0764479739967481,1.28171077085303,-5.15420956275458,0.00168755030095174,protein_coding
ENSG00000266173,9606.ENSP00000336655,STRADA,True,True,3.98816802398948,0.714248409842564,0.451606287926105,3.7907127310215,-8.55802260414796,1.9568836303174e-06,protein_coding
ENSG00000269858,9606.ENSP00000469686,EGLN2,True,True,2.78470951149652,-1.01506994934031,0.346207524829562,1.75825134559619,-4.81543824735587,0.0006509278655473,protein_coding
ENSG00000272333,9606.ENSP00000398837,KMT2B,True,True,7.01964558478976,-0.138393294335762,0.865848647861305,6.40148817182546,-4.34530254943844,0.000364909108157834,protein_coding
ENSG00000272514,9606.ENSP00000358575,CFAP206,True,True,3.3609073711252897,2.08969478053016,0.0442860470924848,3.3096024277341,-4.76579465410265,0.000617193479747404,protein_coding
