id_eggnog,id_string_HS,id_string_MM,id_string_DM,annotation,id_gene_HS,id_gene_MM,id_gene_DM,gene_HS,gene_MM,gene_DM
3B94A,9606.ENSP00000286713,10090.ENSMUSP00000028241,"7227.FBpp0074440,7227.FBpp0078620,7227.FBpp0290937",regulation of acid-sensing ion channel activity,ENSG00000148175,ENSMUSG00000026880,"FBgn0030993,FBgn0250821,FBgn0037986",STOM,Stom,"Mec2,CG14644,CG14736"
3B94T,9606.ENSP00000364289,10090.ENSMUSP00000030014,"7227.FBpp0070652,7227.FBpp0112173",primary miRNA processing,ENSG00000136937,ENSMUSG00000028330,"FBgn0022942,FBgn0038887",NCBP1,Ncbp1,"Cbp80,CG7907"
3B95V,9606.ENSP00000393139,10090.ENSMUSP00000031221,"7227.FBpp0070911,7227.FBpp0080603",double-strand break repair via break-induced replication,ENSG00000097046,ENSMUSG00000029283,"FBgn0028360,FBgn0032677",CDC7,Cdc7,"Cdc7,CG5790"
3B96H,9606.ENSP00000396615,"10090.ENSMUSP00000055803,10090.ENSMUSP00000109253","7227.FBpp0078861,7227.FBpp0081961",beta-galactosidase activity,ENSG00000166105,"ENSMUSG00000045594,ENSMUSG00000026200","FBgn0001089,FBgn0260746",GLB1L3,"Glb1,Glb1l","Gal,Ect3"
3B972,9606.ENSP00000418563,10090.ENSMUSP00000078602,7227.FBpp0071455,U2 snRNP-associated SURP,ENSG00000163714,ENSMUSG00000032407,FBgn0034572,U2SURP,U2surp,CG9346
3B974,9606.ENSP00000410339,10090.ENSMUSP00000005817,"7227.FBpp0085338,7227.FBpp0305890",protein import into mitochondrial matrix,ENSG00000130204,ENSMUSG00000005674,"FBgn0033074,FBgn0016041",TOMM40,Tomm40l,"tomboy40,Tom40"
3B97G,9606.ENSP00000333275,"10090.ENSMUSP00000100927,10090.ENSMUSP00000109087",7227.FBpp0089291,steroid hormone receptor activity,ENSG00000120798,"ENSMUSG00000005897,ENSMUSG00000005893",FBgn0015239,NR2C1,"Nr2c1,Nr2c2",Hr78
3B97V,9606.ENSP00000434442,"10090.ENSMUSP00000028691,10090.ENSMUSP00000064893",7227.FBpp0304160,Adp-ribosylation factor,ENSG00000149182,"ENSMUSG00000027255,ENSMUSG00000054277",FBgn0037182,ARFGAP2,"Arfgap2,Arfgap3",ArfGAP3
3B984,9606.ENSP00000256509,10090.ENSMUSP00000086623,"7227.FBpp0078557,7227.FBpp0297081",Cell adhesion molecule,ENSG00000134121,ENSMUSG00000030092,"FBgn0037240,FBgn0264975",CHL1,Cntn6,"Cont,Nrg"
3B98I,9606.ENSP00000398837,10090.ENSMUSP00000103789,7227.FBpp0082406,Histone-lysine N-methyltransferase,ENSG00000272333,ENSMUSG00000006307,FBgn0003862,KMT2B,Kmt2b,trx
3B98K,9606.ENSP00000325485,"10090.ENSMUSP00000015858,10090.ENSMUSP00000023762",7227.FBpp0070899,Ceramide synthase,ENSG00000139624,"ENSMUSG00000015714,ENSMUSG00000023021",FBgn0040918,CERS5,"Cers2,Cers5",schlank
3B98S,"9606.ENSP00000378414,9606.ENSP00000392617","10090.ENSMUSP00000021052,10090.ENSMUSP00000023759,10090.ENSMUSP00000030791",7227.FBpp0073572,chromatin disassembly,"ENSG00000066117,ENSG00000108604","ENSMUSG00000078619,ENSMUSG00000023018,ENSMUSG00000028949",FBgn0025463,"SMARCD1,SMARCD2","Smarcd2,Smarcd1,Smarcd3",Bap60
3B99C,9606.ENSP00000242776,"10090.ENSMUSP00000019576,10090.ENSMUSP00000134178",7227.FBpp0078754,negative regulation of DNA damage checkpoint,ENSG00000123136,"ENSMUSG00000005481,ENSMUSG00000019432",FBgn0014189,DDX39A,"Ddx39,Ddx39b",Hel25E
3B99P,9606.ENSP00000295050,10090.ENSMUSP00000034467,7227.FBpp0073890,K63-linked polyubiquitin modification-dependent protein binding,ENSG00000010072,ENSMUSG00000031986,FBgn0267977,SPRTN,Sprtn,mh
3B9A2,9606.ENSP00000217446,10090.ENSMUSP00000076816,7227.FBpp0079294,attachment of GPI anchor to protein,ENSG00000101464,ENSMUSG00000038383,FBgn0032052,PIGU,Pigu,PIG-U
3B9A9,9606.ENSP00000265107,10090.ENSMUSP00000037340,7227.FBpp0072033,enzyme binding,ENSG00000082068,ENSMUSG00000039828,FBgn0034908,WDR70,Wdr70,CG5543
3B9AE,9606.ENSP00000336655,10090.ENSMUSP00000099361,7227.FBpp0110403,Ste20-related kinase,ENSG00000266173,ENSMUSG00000069631,FBgn0046692,STRADA,Strada,Stlk
3B9BT,9606.ENSP00000345719,10090.ENSMUSP00000028199,7227.FBpp0070658,chaperone cofactor-dependent protein refolding,ENSG00000136827,ENSMUSG00000026848,FBgn0025615,TOR1A,Tor1b,Torsin
3B9C0,9606.ENSP00000384651,10090.ENSMUSP00000099468,7227.FBpp0111901,phosphatidylinositol 5-phosphate metabolic process,ENSG00000100330,ENSMUSG00000018401,FBgn0030735,MTMR3,Mtmr4,CG3632
3B9DX,9606.ENSP00000361982,10090.ENSMUSP00000041848,7227.FBpp0085330,tRNA pseudouridine synthase 2,ENSG00000167112,ENSMUSG00000039826,FBgn0033060,TRUB2,Trub2,CG7849
3B9EA,9606.ENSP00000357909,10090.ENSMUSP00000057494,"7227.FBpp0075784,7227.FBpp0086050,7227.FBpp0086237,7227.FBpp0288448,7227.FBpp0292880",semaphorin receptor binding,ENSG00000143434,ENSMUSG00000052133,"FBgn0284221,FBgn0016059,FBgn0011260,FBgn0264273,FBgn0011259",SEMA6C,Sema5b,"Sema5c,Sema1b,Sema2a,Sema2b,Sema1a"
3B9EB,9606.ENSP00000401277,10090.ENSMUSP00000099038,7227.FBpp0303688,E3 ubiquitin-protein ligase Hakai,ENSG00000105879,ENSMUSG00000020659,FBgn0032812,CBLL1,Cbll1,Hakai
3B9FI,9606.ENSP00000467423,"10090.ENSMUSP00000049112,10090.ENSMUSP00000092849",7227.FBpp0084078,regulation of mRNA processing,ENSG00000160633,"ENSMUSG00000032212,ENSMUSG00000071054",FBgn0039229,SAFB,"Sltm,Safb",Saf-B
3B9G2,9606.ENSP00000263955,10090.ENSMUSP00000027263,7227.FBpp0073356,positive regulation of fibroblast apoptotic process,ENSG00000081320,ENSMUSG00000026094,FBgn0052666,STK17B,Stk17b,Drak
3B9GI,9606.ENSP00000261600,10090.ENSMUSP00000025137,7227.FBpp0078316,Tho complex,ENSG00000079134,ENSMUSG00000024287,FBgn0037382,THOC1,Thoc1,Hpr1
3B9GR,9606.ENSP00000274979,10090.ENSMUSP00000046884,7227.FBpp0291654,intracellular chloride channel activity,ENSG00000146205,ENSMUSG00000055489,FBgn0038721,ANO7,Ano5,subdued
3B9GT,9606.ENSP00000364519,10090.ENSMUSP00000127952,7227.FBpp0086853,negative regulation of fat cell proliferation,ENSG00000198176,ENSMUSG00000038482,FBgn0011763,TFDP1,Tfdp1,Dp
3B9HR,"9606.ENSP00000303634,9606.ENSP00000367888",10090.ENSMUSP00000034713,"7227.FBpp0073931,7227.FBpp0086821,7227.FBpp0112298,7227.FBpp0291363,7227.FBpp0303798,7227.FBpp0305397",lipoprotein receptor-related protein,"ENSG00000157193,ENSG00000134569",ENSMUSG00000032193,"FBgn0030706,FBgn0000119,FBgn0051092,FBgn0261260,FBgn0053087,FBgn0066101","LRP8,LRP4",Ldlr,"Lrp4,arr,LpR2,mgl,LRP1,LpR1"
3B9HV,9606.ENSP00000339109,10090.ENSMUSP00000014499,7227.FBpp0073893,protein modification by small protein conjugation,ENSG00000153107,ENSMUSG00000014355,FBgn0004391,ANAPC1,Anapc1,shtd
3B9I0,9606.ENSP00000419446,"10090.ENSMUSP00000011400,10090.ENSMUSP00000055000,10090.ENSMUSP00000069466",7227.FBpp0290713,Disintegrin and metalloproteinase domain-containing protein,ENSG00000168615,"ENSMUSG00000011256,ENSMUSG00000040537,ENSMUSG00000020926",FBgn0265140,ADAM9,"Adam19,Adam22,Adam11",Meltrin
3B9I5,9606.ENSP00000346534,"10090.ENSMUSP00000028377,10090.ENSMUSP00000080842","7227.FBpp0292707,7227.FBpp0300662",voltage-gated sodium channel activity,ENSG00000196876,"ENSMUSG00000075318,ENSMUSG00000023033","FBgn0285944,FBgn0085434",SCN8A,"Scn2a,Scn8a","para,NaCP60E"
3B9IE,9606.ENSP00000361302,10090.ENSMUSP00000038722,7227.FBpp0075877,dolichyl-phosphate-mannose-protein mannosyltransferase activity,ENSG00000130714,ENSMUSG00000039254,FBgn0003292,POMT1,Pomt1,rt
3B9JC,9606.ENSP00000297579,10090.ENSMUSP00000022909,7227.FBpp0075302,"maturation of SSU-rRNA from tricistronic rRNA transcript (SSU-rRNA, 5.8S rRNA, LSU-rRNA)",ENSG00000164934,ENSMUSG00000022300,FBgn0036500,DCAF13,Dcaf13,CG7275
3B9MD,9606.ENSP00000265465,10090.ENSMUSP00000025752,7227.FBpp0113035,May play an essential role at the early stage of chromosomal DNA replication by coupling the polymerase alpha primase complex to the cellular replication machinery,ENSG00000014138,ENSMUSG00000024833,FBgn0005696,POLA2,Pola2,DNApol-alpha73
3B9MN,9606.ENSP00000372193,10090.ENSMUSP00000035964,7227.FBpp0086939,voltage-gated chloride channel activity,ENSG00000103249,ENSMUSG00000036636,FBgn0033755,CLCN7,Clcn7,ClC-b
3B9N9,"9606.ENSP00000245407,9606.ENSP00000361666","10090.ENSMUSP00000019044,10090.ENSMUSP00000075814","7227.FBpp0076737,7227.FBpp0080925,7227.FBpp0083982,7227.FBpp0083983,7227.FBpp0113136,7227.FBpp0296957,7227.FBpp0305355",organic anion transmembrane transporter activity,"ENSG00000197375,ENSG00000137204","ENSMUSG00000018900,ENSMUSG00000063652","FBgn0035645,FBgn0032879,FBgn0086365,FBgn0019952,FBgn0035647,FBgn0034479,FBgn0033809","SLC22A5,SLC22A7","Slc22a5,Slc22a21","CG5592,CarT,Orct2,Orct,CG10486,CG8654,CG4630"
3B9NC,9606.ENSP00000304697,10090.ENSMUSP00000019649,"7227.FBpp0070894,7227.FBpp0073035,7227.FBpp0305700",protein tag,ENSG00000170315,ENSMUSG00000019505,"FBgn0086558,FBgn0003943,FBgn0029856",UBB,Ubb,"Ubi-p5E,Ubi-p63E,CG11700"
3B9NE,9606.ENSP00000283875,10090.ENSMUSP00000023525,7227.FBpp0075839,transcription initiation from RNA polymerase II promoter,ENSG00000153767,ENSMUSG00000022828,FBgn0015828,GTF2E1,Gtf2e1,TfIIEalpha
3B9NV,9606.ENSP00000363260,10090.ENSMUSP00000050647,7227.FBpp0086200,Mannosyltransferase involved in glycosylphosphatidylinositol-anchor biosynthesis,ENSG00000060642,ENSMUSG00000043257,FBgn0265174,PIGV,Pigv,PIG-V
3B9QU,9606.ENSP00000396301,10090.ENSMUSP00000007042,7227.FBpp0081475,protein localization to kinetochore,ENSG00000113141,ENSMUSG00000024474,FBgn0037660,IK,Ik,beag
3B9R4,9606.ENSP00000313811,"10090.ENSMUSP00000099913,10090.ENSMUSP00000113265",7227.FBpp0086664,protein K48-linked deubiquitination,ENSG00000136878,"ENSMUSG00000026854,ENSMUSG00000025437",FBgn0033916,USP20,"Usp20,Usp33",Usp20-33
3B9RD,9606.ENSP00000376272,10090.ENSMUSP00000023598,7227.FBpp0074246,positive regulation of DNA-directed DNA polymerase activity,ENSG00000163918,ENSMUSG00000022881,FBgn0030871,RFC4,Rfc4,CG8142
3B9RT,9606.ENSP00000337701,10090.ENSMUSP00000127149,"7227.FBpp0073778,7227.FBpp0289427",diolein transacylation activity,ENSG00000177666,ENSMUSG00000025509,"FBgn0030607,FBgn0036449",PNPLA2,Pnpla2,"dob,bmm"
3B9SK,9606.ENSP00000272438,10090.ENSMUSP00000014892,7227.FBpp0071947,testis expressed 261,ENSG00000144043,ENSMUSG00000014748,FBgn0034849,TEX261,Tex261,CG3500
3B9T7,9606.ENSP00000381167,10090.ENSMUSP00000116679,7227.FBpp0271926,cytoplasmic dynein 2 heavy chain,ENSG00000187240,ENSMUSG00000047193,FBgn0023096,DYNC2H1,Dync2h1,btv
3B9TB,9606.ENSP00000360777,10090.ENSMUSP00000119485,7227.FBpp0075739,72 kDa inositol polyphosphate,ENSG00000148384,ENSMUSG00000026925,FBgn0036273,INPP5E,Inpp5e,INPP5E
3B9U2,9606.ENSP00000280612,"10090.ENSMUSP00000000984,10090.ENSMUSP00000041557","7227.FBpp0073761,7227.FBpp0075379,7227.FBpp0084502,7227.FBpp0085146,7227.FBpp0088925",L-alpha-amino acid transmembrane transport,ENSG00000151012,"ENSMUSG00000000958,ENSMUSG00000040010","FBgn0030574,FBgn0002778,FBgn0039487,FBgn0039844,FBgn0028425",SLC7A11,"Slc7a7,Slc7a5","CG9413,mnd,gb,CG1607,JhI-21"
3B9UM,9606.ENSP00000296543,10090.ENSMUSP00000022597,7227.FBpp0074480,N-terminal peptidyl-methionine acetylation,ENSG00000164134,ENSMUSG00000022020,FBgn0031020,NAA15,Naa16,Naa15-16
3B9VH,9606.ENSP00000338624,10090.ENSMUSP00000039546,7227.FBpp0305777,threonine aspartase 1,ENSG00000089123,ENSMUSG00000039033,FBgn0263602,TASP1,Tasp1,Tasp1
3B9VV,9606.ENSP00000360672,10090.ENSMUSP00000090886,7227.FBpp0074229,establishment or maintenance of cell polarity,ENSG00000124171,ENSMUSG00000005699,FBgn0026192,PARD6B,Pard6a,par-6
3B9WE,9606.ENSP00000267064,10090.ENSMUSP00000100868,7227.FBpp0082692,"SWI SNF related, matrix associated, actin dependent regulator of chromatin, subfamily c, member",ENSG00000139613,ENSMUSG00000025369,FBgn0002783,SMARCC2,Smarcc2,mor
3B9X7,9606.ENSP00000371607,10090.ENSMUSP00000069840,7227.FBpp0085393,Mitochondrial intermediate peptidase,ENSG00000027001,ENSMUSG00000021993,FBgn0033038,MIPEP,Mipep,CG7791
3B9XB,9606.ENSP00000347046,10090.ENSMUSP00000086485,"7227.FBpp0111456,7227.FBpp0289559","3',5'-cyclic-GMP phosphodiesterase activity",ENSG00000138735,ENSMUSG00000023868,"FBgn0085370,FBgn0038237",PDE5A,Pde10a,"Pde11,Pde6"
3B9XC,9606.ENSP00000257829,10090.ENSMUSP00000028608,7227.FBpp0071217,RNA acetylation,ENSG00000135372,ENSMUSG00000027185,FBgn0027330,NAT10,Nat10,l(1)G0020
3B9XE,9606.ENSP00000336721,"10090.ENSMUSP00000096721,10090.ENSMUSP00000136673",7227.FBpp0290398,La ribonucleoprotein domain family member,ENSG00000155506,"ENSMUSG00000025762,ENSMUSG00000037331",FBgn0261618,LARP1,"Larp1b,Larp1",larp
3B9XU,"9606.ENSP00000379364,9606.ENSP00000379366",10090.ENSMUSP00000054452,7227.FBpp0083624,hippo signaling,"ENSG00000114978,ENSG00000173542",ENSMUSG00000043131,FBgn0038965,"MOB1A,MOB1B",Mob1a,mats
3B9Y1,"9606.ENSP00000259021,9606.ENSP00000380136","10090.ENSMUSP00000099448,10090.ENSMUSP00000138421","7227.FBpp0072159,7227.FBpp0304793",histone acetyltransferase activity,"ENSG00000136504,ENSG00000083168","ENSMUSG00000038909,ENSMUSG00000021767","FBgn0034975,FBgn0028387","KAT7,KAT6A","Kat7,Kat6b","enok,chm"
3B9ZH,9606.ENSP00000261407,10090.ENSMUSP00000004381,7227.FBpp0074786,1-acylglycerophosphocholine O-acyltransferase activity,ENSG00000111684,ENSMUSG00000004270,FBgn0026630,LPCAT3,Lpcat3,nes
3B9ZI,9606.ENSP00000376765,"10090.ENSMUSP00000096248,10090.ENSMUSP00000110425",7227.FBpp0087651,SUMO transferase activity,ENSG00000131788,"ENSMUSG00000032405,ENSMUSG00000025423",FBgn0003612,PIAS3,"Pias1,Pias2",Su(var)2-10
3BA02,9606.ENSP00000282251,10090.ENSMUSP00000027027,7227.FBpp0073887,Protein similar to CwfJ C-terminus 1,ENSG00000152404,ENSMUSG00000025898,FBgn0030655,CWF19L2,Cwf19l2,CG9213
3BA18,9606.ENSP00000378199,"10090.ENSMUSP00000007248,10090.ENSMUSP00000015800,10090.ENSMUSP00000079306","7227.FBpp0075504,7227.FBpp0082175,7227.FBpp0082516,7227.FBpp0083974",heat shock,ENSG00000126803,"ENSMUSG00000007033,ENSMUSG00000015656,ENSMUSG00000059970","FBgn0001216,FBgn0001217,FBgn0266599,FBgn0001230",HSPA2,"Hspa1l,Hspa8,Hspa2","Hsc70-1,Hsc70-2,Hsc70-4,Hsp68"
3BA1J,"9606.ENSP00000334538,9606.ENSP00000359988","10090.ENSMUSP00000074196,10090.ENSMUSP00000113685",7227.FBpp0079471,serine arginine-rich splicing factor 11,"ENSG00000153914,ENSG00000116754","ENSMUSG00000032621,ENSMUSG00000055436",FBgn0024285,"SREK1,SRSF11","Srek1,Srsf11",Srp54
3BA1Y,9606.ENSP00000292377,"10090.ENSMUSP00000033450,10090.ENSMUSP00000124459",7227.FBpp0075431,regulation of signal transduction,ENSG00000213420,"ENSMUSG00000031119,ENSMUSG00000029510",FBgn0041604,GPC2,"Gpc4,Gpc2",dlp
3BA2A,9606.ENSP00000331209,10090.ENSMUSP00000136717,"7227.FBpp0072531,7227.FBpp0271924",Ester hydrolase C11orf54 homolog,ENSG00000182919,ENSMUSG00000031938,"FBgn0035189,FBgn0063667",C11orf54,4931406C07Rik,"CG9119,CG32335"
3BA2E,9606.ENSP00000386541,10090.ENSMUSP00000028278,7227.FBpp0078664,Lys63-specific deubiquitinase activity,ENSG00000115233,ENSMUSG00000026914,FBgn0028694,PSMD14,Psmd14,Rpn11
3BA2V,9606.ENSP00000370128,"10090.ENSMUSP00000046714,10090.ENSMUSP00000096414","7227.FBpp0078206,7227.FBpp0099766,7227.FBpp0271785",cationic amino acid transporter,ENSG00000139514,"ENSMUSG00000041313,ENSMUSG00000031596","FBgn0037203,FBgn0036493,FBgn0036764",SLC7A1,"Slc7a1,Slc7a2","slif,CG7255,CG5535"
3BA2W,9606.ENSP00000424571,10090.ENSMUSP00000025497,"7227.FBpp0076517,7227.FBpp0304622",sequestering of TGFbeta in extracellular matrix,ENSG00000138829,ENSMUSG00000024598,"FBgn0052373,FBgn0053196",FBN2,Fbn2,"CG32373,dpy"
3BA39,9606.ENSP00000258080,"10090.ENSMUSP00000006367,10090.ENSMUSP00000087073",7227.FBpp0303078,pentacyclic triterpenoid metabolic process,ENSG00000115317,"ENSMUSG00000006205,ENSMUSG00000068329",FBgn0038233,HTRA2,"Htra1,Htra2",HtrA2
3BA3F,9606.ENSP00000368566,"10090.ENSMUSP00000034046,10090.ENSMUSP00000104533",7227.FBpp0074844,medium-chain fatty acid-CoA ligase activity,ENSG00000164398,"ENSMUSG00000018796,ENSMUSG00000020333",FBgn0036821,ACSL6,"Acsl1,Acsl6",CG3961
3BA42,9606.ENSP00000325748,10090.ENSMUSP00000027498,7227.FBpp0082840,serine threonine-protein kinase,ENSG00000115694,ENSMUSG00000026277,FBgn0266465,STK25,Stk25,GckIII
3BA46,"9606.ENSP00000295736,9606.ENSP00000405812",10090.ENSMUSP00000023776,"7227.FBpp0076048,7227.FBpp0288814",sodium:bicarbonate symporter activity,"ENSG00000033867,ENSG00000050438",ENSMUSG00000023032,"FBgn0036043,FBgn0259111","SLC4A7,SLC4A8",Slc4a8,"CG8177,Ndae1"
3BA4R,9606.ENSP00000338777,10090.ENSMUSP00000075082,7227.FBpp0072061,anterograde synaptic vesicle transport,ENSG00000157823,ENSMUSG00000063801,FBgn0003008,AP3S2,Ap3s2,or
3BA50,9606.ENSP00000290158,10090.ENSMUSP00000001479,7227.FBpp0294035,importin,ENSG00000108424,ENSMUSG00000001440,FBgn0262743,KPNB1,Kpnb1,Fs(2)Ket
3BA59,"9606.ENSP00000261889,9606.ENSP00000368831",10090.ENSMUSP00000034946,7227.FBpp0077206,sorting nexin,"ENSG00000028528,ENSG00000205302",ENSMUSG00000032382,FBgn0031534,"SNX1,SNX2",Snx1,Snx1
3BA5F,9606.ENSP00000369810,10090.ENSMUSP00000028900,7227.FBpp0081459,Vacuolar protein sorting-associated protein 16 homolog,ENSG00000215305,ENSMUSG00000027411,FBgn0285911,VPS16,Vps16,Vps16A
3BA62,9606.ENSP00000468304,"10090.ENSMUSP00000023029,10090.ENSMUSP00000103486",7227.FBpp0288419,MBT domain-containing protein 1,ENSG00000011258,"ENSMUSG00000022394,ENSMUSG00000059474",FBgn0032475,MBTD1,"L3mbtl2,Mbtd1",Sfmbt
3BA6H,9606.ENSP00000418803,10090.ENSMUSP00000002925,7227.FBpp0082370,Tim17/Tim22/Tim23/Pmp24 family,ENSG00000113845,ENSMUSG00000002846,FBgn0010340,TIMMDC1,Timmdc1,140up
3BA6S,9606.ENSP00000362306,"10090.ENSMUSP00000042207,10090.ENSMUSP00000081312",7227.FBpp0294043,"endoribonuclease activity, cleaving siRNA-paired mRNA",ENSG00000134698,"ENSMUSG00000036698,ENSMUSG00000042500",FBgn0262739,AGO4,"Ago2,Ago4",AGO1
3BA72,9606.ENSP00000400252,10090.ENSMUSP00000065787,"7227.FBpp0071062,7227.FBpp0080100",outer dynein arm assembly,ENSG00000171595,ENSMUSG00000034706,"FBgn0029993,FBgn0032520",DNAI2,Dnaic2,"CG1571,CG10859"
3BA7C,9606.ENSP00000321971,"10090.ENSMUSP00000017831,10090.ENSMUSP00000044639",7227.FBpp0302814,Mitochondrial GTPase involved in mitochondrial trafficking,ENSG00000140983,"ENSMUSG00000017686,ENSMUSG00000025733",FBgn0039140,RHOT2,"Rhot1,Rhot2",Miro
3BA7S,9606.ENSP00000035383,"10090.ENSMUSP00000002603,10090.ENSMUSP00000109048","7227.FBpp0086538,7227.FBpp0300852",neurotransmitter receptor transport postsynaptic membrane to endosome,ENSG00000033122,"ENSMUSG00000022568,ENSMUSG00000032352","FBgn0033984,FBgn0263289",LRRC7,"Scrib,Lrrc1","Lap1,scrib"
3BA81,"9606.ENSP00000346694,9606.ENSP00000350090",10090.ENSMUSP00000110103,"7227.FBpp0082318,7227.FBpp0084463,7227.FBpp0084669,7227.FBpp0302741",mRNA transport,"ENSG00000122566,ENSG00000139675",ENSMUSG00000004980,"FBgn0010258,FBgn0004903,FBgn0001215,FBgn0004237","HNRNPA2B1,HNRNPA1L2",Hnrnpa2b1,"Rbp4,Rb97D,Hrb98DE,Hrb87F"
3BA8E,9606.ENSP00000377782,10090.ENSMUSP00000088678,7227.FBpp0099825,sequence-specific DNA binding,ENSG00000109381,ENSMUSG00000037174,FBgn0000567,ELF2,Elf2,Eip74EF
3BA9A,"9606.ENSP00000308578,9606.ENSP00000309330,9606.ENSP00000332595,9606.ENSP00000335042,9606.ENSP00000342002,9606.ENSP00000344828,9606.ENSP00000376110,9606.ENSP00000380999,9606.ENSP00000413660,9606.ENSP00000437616,9606.ENSP00000469958,9606.ENSP00000471754,9606.ENSP00000472969,9606.ENSP00000480218,9606.ENSP00000485448","10090.ENSMUSP00000012873,10090.ENSMUSP00000032802,10090.ENSMUSP00000044020,10090.ENSMUSP00000045684,10090.ENSMUSP00000047222,10090.ENSMUSP00000049650,10090.ENSMUSP00000065620,10090.ENSMUSP00000071695,10090.ENSMUSP00000074475,10090.ENSMUSP00000076700,10090.ENSMUSP00000081167,10090.ENSMUSP00000083459,10090.ENSMUSP00000086074,10090.ENSMUSP00000086191,10090.ENSMUSP00000096108,10090.ENSMUSP00000099083,10090.ENSMUSP00000100043,10090.ENSMUSP00000101359,10090.ENSMUSP00000101361,10090.ENSMUSP00000104820,10090.ENSMUSP00000105357,10090.ENSMUSP00000112546,10090.ENSMUSP00000124075,10090.ENSMUSP00000127760,10090.ENSMUSP00000133899","7227.FBpp0070991,7227.FBpp0071106,7227.FBpp0071108,7227.FBpp0075533,7227.FBpp0076707,7227.FBpp0076724,7227.FBpp0076725,7227.FBpp0078048,7227.FBpp0079702,7227.FBpp0079845,7227.FBpp0081254,7227.FBpp0081555,7227.FBpp0081919,7227.FBpp0082061,7227.FBpp0083307,7227.FBpp0086646,7227.FBpp0087421,7227.FBpp0112062,7227.FBpp0113116,7227.FBpp0289911,7227.FBpp0289959",nucleic acid binding,"ENSG00000196705,ENSG00000173041,ENSG00000146757,ENSG00000256229,ENSG00000184635,ENSG00000181450,ENSG00000196268,ENSG00000196605,ENSG00000229676,ENSG00000213020,ENSG00000188171,ENSG00000198464,ENSG00000213973,ENSG00000160336,ENSG00000214652","ENSMUSG00000058093,ENSMUSG00000046185,ENSMUSG00000060301,ENSMUSG00000023892,ENSMUSG00000055480,ENSMUSG00000057396,ENSMUSG00000045519,ENSMUSG00000063488,ENSMUSG00000063281,ENSMUSG00000098905,ENSMUSG00000067916,ENSMUSG00000066829,ENSMUSG00000059142,ENSMUSG00000067942,ENSMUSG00000074165,ENSMUSG00000074865,ENSMUSG00000006720,ENSMUSG00000070605,ENSMUSG00000056300,ENSMUSG00000046311,ENSMUSG00000057842,ENSMUSG00000051037,ENSMUSG00000063108,ENSMUSG00000091474,ENSMUSG00000092416","FBgn0029928,FBgn0030008,FBgn0030010,FBgn0025874,FBgn0035691,FBgn0022935,FBgn0022699,FBgn0037085,FBgn0032295,FBgn0020309,FBgn0014931,FBgn0037722,FBgn0037931,FBgn0038047,FBgn0038787,FBgn0033934,FBgn0033491,FBgn0035690,FBgn0031144,FBgn0039329,FBgn0028647","ZNF431,ZNF680,ZNF92,ZNF486,ZNF93,ZNF678,ZNF493,ZNF846,ZNF492,ZNF611,ZNF626,ZNF480,ZNF99,ZNF761,ZNF727","Zfp729b,Zfp84,2610008E11Rik,Zfp51,Zfp458,Zfp759,Zfp560,Zkscan7,Zfp35,Zfp953,Zfp991,Zfp810,Zfp945,Zfp160,Zfp788,Zfp934,Zfp184,Zfp992,Zfp981,Zfp62,Zfp595,Zfp455,Zfp26,2610021A01Rik,Zfp141","CG3032,CG2129,CG10959,Meics,CG7386,D19A,D19B,Neu2,CG12299,crol,CG2678,CG8319,CG18476,CG5245,CG4360,CG17385,CG18011,CG10274,CG1529,CG10669,CG11902"
3BA9I,9606.ENSP00000270586,10090.ENSMUSP00000018430,7227.FBpp0086400,threonine-type endopeptidase activity,ENSG00000142507,ENSMUSG00000018286,FBgn0010590,PSMB6,Psmb6,Prosbeta1
3BA9V,9606.ENSP00000005340,"10090.ENSMUSP00000019362,10090.ENSMUSP00000030948",7227.FBpp0073310,planar cell polarity pathway involved in neural tube closure,ENSG00000004975,"ENSMUSG00000020888,ENSMUSG00000029071",FBgn0000499,DVL2,"Dvl2,Dvl1",dsh
3BA9Y,9606.ENSP00000261879,10090.ENSMUSP00000130359,7227.FBpp0077400,Notch receptor processing,ENSG00000138613,ENSMUSG00000053040,FBgn0031458,APH1B,Aph1c,aph-1
3BAAJ,9606.ENSP00000247191,10090.ENSMUSP00000040416,7227.FBpp0290601,cell cycle,ENSG00000126787,ENSMUSG00000037544,FBgn0033845,DLGAP5,Dlgap5,mars
3BAAP,9606.ENSP00000334553,10090.ENSMUSP00000023455,7227.FBpp0086323,ubiquitin-ubiquitin ligase activity,ENSG00000100023,ENSMUSG00000022771,FBgn0034109,PPIL2,Ppil2,CG7747
3BAAR,9606.ENSP00000261693,10090.ENSMUSP00000031377,7227.FBpp0072308,Belongs to the CD36 family,ENSG00000073060,ENSMUSG00000029426,FBgn0010435,SCARB1,Scarb2,emp
3BAAV,"9606.ENSP00000366641,9606.ENSP00000445929",10090.ENSMUSP00000032476,7227.FBpp0305687,hexose transmembrane transporter activity,"ENSG00000142583,ENSG00000173262",ENSMUSG00000003153,FBgn0264574,"SLC2A5,SLC2A14",Slc2a3,Glut1
3BADB,9606.ENSP00000465992,"10090.ENSMUSP00000021311,10090.ENSMUSP00000028527,10090.ENSMUSP00000081398","7227.FBpp0076227,7227.FBpp0089282",tubulin-dependent ATPase activity,ENSG00000186185,"ENSMUSG00000051378,ENSMUSG00000027115,ENSMUSG00000010021","FBgn0004379,FBgn0038205",KIF18B,"Kif18b,Kif18a,Kif19a","Klp67A,Kif19A"
3BADZ,9606.ENSP00000361043,"10090.ENSMUSP00000066977,10090.ENSMUSP00000099765",7227.FBpp0077357,DNA synthesis involved in double-strand break repair via homologous recombination,ENSG00000085999,"ENSMUSG00000078773,ENSMUSG00000028702",FBgn0002989,RAD54L,"Rad54b,Rad54l",okr
3BAE3,9606.ENSP00000371221,10090.ENSMUSP00000022563,7227.FBpp0071938,Belongs to the protein-tyrosine phosphatase family. Non-receptor class myotubularin subfamily,ENSG00000139505,ENSMUSG00000021987,FBgn0028497,MTMR6,Mtmr6,CG3530
3BAEU,9606.ENSP00000384545,10090.ENSMUSP00000026093,7227.FBpp0297318,ubiquitin protein ligase binding,ENSG00000132640,ENSMUSG00000025103,FBgn0262871,BTBD3,Btbd1,lute
3BAF1,9606.ENSP00000325681,10090.ENSMUSP00000031621,7227.FBpp0073036,vesicle-mediated transport,ENSG00000122674,ENSMUSG00000029617,FBgn0035470,CCZ1,Ccz1,Ccz1
3BAFB,9606.ENSP00000365837,10090.ENSMUSP00000083844,7227.FBpp0291529,tRNA pseudouridine synthase activity,ENSG00000177192,ENSMUSG00000029507,FBgn0038811,PUS1,Pus1,Pus1
3BAFZ,"9606.ENSP00000364000,9606.ENSP00000379866",10090.ENSMUSP00000023123,"7227.FBpp0078641,7227.FBpp0305720",collagen,"ENSG00000204262,ENSG00000081052",ENSMUSG00000022483,"FBgn0000299,FBgn0016075","COL5A2,COL4A4",Col2a1,"Col4a1,vkg"
3BAG1,9606.ENSP00000384610,10090.ENSMUSP00000044078,7227.FBpp0071077,lysophospholipase activity,ENSG00000130653,ENSMUSG00000036833,FBgn0003656,PNPLA7,Pnpla7,sws
3BAGW,9606.ENSP00000319739,10090.ENSMUSP00000109915,7227.FBpp0291121,calcium ion binding,ENSG00000117906,ENSMUSG00000032320,FBgn0031673,RCN2,Rcn2,CG31650
3BAH0,9606.ENSP00000345064,10090.ENSMUSP00000104878,"7227.FBpp0088115,7227.FBpp0302896",regulation of cardiac muscle cell myoblast differentiation,ENSG00000139174,ENSMUSG00000036158,"FBgn0003090,FBgn0263934",PRICKLE1,Prickle1,"pk,esn"
3BAHV,9606.ENSP00000326699,10090.ENSMUSP00000105457,"7227.FBpp0073467,7227.FBpp0074074,7227.FBpp0110208",unfolded protein binding,ENSG00000153132,ENSMUSG00000002190,"FBgn0030377,FBgn0264077,FBgn0015622",CLGN,Clgn,"CG1924,Cnx14D,Cnx99A"
3BAIT,9606.ENSP00000311453,10090.ENSMUSP00000026672,7227.FBpp0291341,"3',5'-cyclic-AMP phosphodiesterase activity",ENSG00000073417,ENSMUSG00000025584,FBgn0266377,PDE8A,Pde8a,Pde8
3BAK0,9606.ENSP00000275732,10090.ENSMUSP00000031727,7227.FBpp0290107,insulin-like growth factor receptor signaling pathway,ENSG00000146830,ENSMUSG00000029714,FBgn0039936,GIGYF1,Gigyf1,Gyf
3BAKC,9606.ENSP00000436901,10090.ENSMUSP00000136280,7227.FBpp0085418,metal ion binding,ENSG00000133884,ENSMUSG00000021221,FBgn0033015,DPF2,Dpf3,d4
3BAKF,9606.ENSP00000261797,10090.ENSMUSP00000118207,7227.FBpp0076677,[heparan sulfate]-glucosamine N-sulfotransferase activity,ENSG00000070614,ENSMUSG00000027977,FBgn0020251,NDST1,Ndst3,sfl
3BAM8,9606.ENSP00000387303,10090.ENSMUSP00000078022,7227.FBpp0082637,ATP-dependent RNA helicase,ENSG00000156414,ENSMUSG00000054003,FBgn0003483,TDRD9,Tdrd9,spn-E
3BAMI,9606.ENSP00000231668,10090.ENSMUSP00000015725,7227.FBpp0078315,Vesicle transport protein,ENSG00000113734,ENSMUSG00000024191,FBgn0037383,BNIP1,Bnip1,CG2023
3BAMQ,9606.ENSP00000446252,10090.ENSMUSP00000007012,7227.FBpp0086226,age-dependent response to reactive oxygen species,ENSG00000112096,ENSMUSG00000006818,FBgn0010213,SOD2,Sod2,Sod2
3BAN3,9606.ENSP00000249442,10090.ENSMUSP00000028511,"7227.FBpp0073816,7227.FBpp0074684",protein targeting to mitochondrion,ENSG00000128654,ENSMUSG00000027099,"FBgn0030620,FBgn0036920",MTX2,Mtx2,"CG5662,CG8004"
3BAN4,9606.ENSP00000229268,10090.ENSMUSP00000041299,7227.FBpp0072976,Ubiquitin carboxyl-terminal hydrolase,ENSG00000111667,ENSMUSG00000038429,FBgn0035402,USP5,Usp5,Usp5
3BANS,9606.ENSP00000268717,10090.ENSMUSP00000019517,7227.FBpp0077927,protein deneddylation,ENSG00000141030,ENSMUSG00000019373,FBgn0027055,COPS3,Cops3,CSN3
3BANZ,9606.ENSP00000294785,10090.ENSMUSP00000003550,7227.FBpp0291079,Notch receptor processing,ENSG00000162736,ENSMUSG00000003458,FBgn0039234,NCSTN,Ncstn,Nct
3BAPH,9606.ENSP00000362068,10090.ENSMUSP00000063201,7227.FBpp0074288,protein heterodimerization activity,ENSG00000137413,ENSMUSG00000023980,FBgn0022724,TAF8,Taf8,Taf8
3BAQV,9606.ENSP00000387362,10090.ENSMUSP00000113346,7227.FBpp0078927,Ubiquitin conjugation factor E4,ENSG00000110344,ENSMUSG00000059890,FBgn0028467,UBE4A,Ube4a,CG11070
3BAR7,9606.ENSP00000223321,10090.ENSMUSP00000129767,7227.FBpp0082062,threonine-type endopeptidase activity,ENSG00000106588,ENSMUSG00000015671,FBgn0086134,PSMA2,Psma2,Prosalpha2
3BARG,9606.ENSP00000367755,10090.ENSMUSP00000092811,7227.FBpp0080901,calmodulin-lysine N-methyltransferase activity,ENSG00000143919,ENSMUSG00000071037,FBgn0032857,CAMKMT,Camkmt,CG10947
3BARP,9606.ENSP00000378165,10090.ENSMUSP00000054168,7227.FBpp0302976,mitotic spindle assembly,ENSG00000010244,ENSMUSG00000017421,FBgn0032600,ZNF207,Zfp207,BuGZ
3BARS,9606.ENSP00000480186,10090.ENSMUSP00000099986,7227.FBpp0072658,DNA polymerase delta,ENSG00000106628,ENSMUSG00000020471,FBgn0027903,POLD2,Pold2,CG12018
3BARU,9606.ENSP00000216039,10090.ENSMUSP00000048415,7227.FBpp0070860,thiol-dependent ubiquitin-specific protease activity,ENSG00000100221,ENSMUSG00000038695,FBgn0029853,JOSD1,Josd2,CG3781
3BAS7,9606.ENSP00000313854,10090.ENSMUSP00000022102,7227.FBpp0073557,Cleft lip and palate transmembrane protein 1-like protein,ENSG00000049656,ENSMUSG00000021610,FBgn0030456,CLPTM1L,Clptm1l,CG4332
3BAS8,9606.ENSP00000360806,10090.ENSMUSP00000089814,"7227.FBpp0288427,7227.FBpp0300390,7227.FBpp0306030",voltage-gated potassium channel activity,ENSG00000158445,ENSMUSG00000035681,"FBgn0003386,FBgn0085395,FBgn0262593",KCNB1,Kcnc2,"Shaw,Shawl,Shab"
3BASD,9606.ENSP00000386741,"10090.ENSMUSP00000035908,10090.ENSMUSP00000107655",7227.FBpp0070751,phorbol ester receptor activity,ENSG00000128656,"ENSMUSG00000004633,ENSMUSG00000056486",FBgn0029778,CHN1,"Chn2,Chn1",RhoGAP5A
3BASE,9606.ENSP00000354006,"10090.ENSMUSP00000037443,10090.ENSMUSP00000082318",7227.FBpp0112395,calcium channel activity,ENSG00000119121,"ENSMUSG00000024727,ENSMUSG00000030523",FBgn0265194,TRPM6,"Trpm6,Trpm1",Trpm
3BASG,9606.ENSP00000358867,"10090.ENSMUSP00000000001,10090.ENSMUSP00000114144","7227.FBpp0076643,7227.FBpp0087359",G-protein beta/gamma-subunit complex binding,ENSG00000065135,"ENSMUSG00000000001,ENSMUSG00000031748","FBgn0001104,FBgn0001122",GNAI3,"Gnai3,Gnao1","Galphai,Galphao"
3BAT7,9606.ENSP00000307863,10090.ENSMUSP00000005041,"7227.FBpp0071961,7227.FBpp0298005",pre-mRNA 3'-splice site binding,ENSG00000063244,ENSMUSG00000030435,"FBgn0034834,FBgn0005411",U2AF2,U2af2,"LS2,U2af50"
3BAT8,9606.ENSP00000400646,10090.ENSMUSP00000020756,7227.FBpp0290103,polyribonucleotide nucleotidyltransferase 1,ENSG00000138035,ENSMUSG00000020464,FBgn0039846,PNPT1,Pnpt1,PNPase
3BATG,9606.ENSP00000264233,"10090.ENSMUSP00000041599,10090.ENSMUSP00000059757","7227.FBpp0076412,7227.FBpp0082131",double-strand break repair via alternative nonhomologous end joining,ENSG00000051341,"ENSMUSG00000035266,ENSMUSG00000034206","FBgn0002899,FBgn0002905",POLQ,"Helq,Polq","mus301,mus308"
3BAU5,9606.ENSP00000440984,10090.ENSMUSP00000022196,7227.FBpp0290745,anterograde synaptic vesicle transport,ENSG00000103723,ENSMUSG00000021686,FBgn0003210,AP3B2,Ap3b1,rb
3BAU7,9606.ENSP00000292408,"10090.ENSMUSP00000005452,10090.ENSMUSP00000085122","7227.FBpp0082970,7227.FBpp0084248",fibroblast growth factor-activated receptor activity,ENSG00000160867,"ENSMUSG00000005320,ENSMUSG00000054252","FBgn0010389,FBgn0022800",FGFR4,"Fgfr4,Fgfr3","htl,Cad96Ca"
3BAUV,"9606.ENSP00000318197,9606.ENSP00000326042,9606.ENSP00000382982","10090.ENSMUSP00000084713,10090.ENSMUSP00000085580","7227.FBpp0081062,7227.FBpp0081153,7227.FBpp0081565,7227.FBpp0082964",structural constituent of cytoskeleton,"ENSG00000152086,ENSG00000075886,ENSG00000198033","ENSMUSG00000067338,ENSMUSG00000067702","FBgn0003885,FBgn0003884,FBgn0003886,FBgn0038565","TUBA3E,TUBA3D,TUBA3C","Tuba3b,Tuba3a","alphaTub84D,alphaTub84B,alphaTub85E,CG7794"
3BAWC,9606.ENSP00000418397,10090.ENSMUSP00000028807,7227.FBpp0076375,isovaleryl-CoA dehydrogenase activity,ENSG00000128928,ENSMUSG00000027332,FBgn0035911,IVD,Ivd,CG6638
3BAWZ,9606.ENSP00000379836,10090.ENSMUSP00000065254,7227.FBpp0081847,"solute carrier family 30 (zinc transporter), member",ENSG00000145740,ENSMUSG00000054414,FBgn0037875,SLC30A5,Slc30a7,ZnT86D
3BAXT,9606.ENSP00000469686,10090.ENSMUSP00000078966,7227.FBpp0078427,negative regulation of CAMKK-AMPK signaling cascade,ENSG00000269858,ENSMUSG00000058709,FBgn0264785,EGLN2,Egln2,Hph
3BAYQ,9606.ENSP00000429633,10090.ENSMUSP00000086034,7227.FBpp0089402,RNA polymerase II transcription regulator recruiting activity,ENSG00000185697,ENSMUSG00000025912,FBgn0002914,MYBL1,Mybl1,Myb
3BB0F,9606.ENSP00000238628,10090.ENSMUSP00000061891,7227.FBpp0289501,intraflagellar transport,ENSG00000119650,ENSMUSG00000007867,FBgn0032446,IFT43,Ift43,CG5780
3BB15,9606.ENSP00000384792,"10090.ENSMUSP00000068516,10090.ENSMUSP00000103825",7227.FBpp0305221,Mitogen-activated protein kinase binding protein 1,ENSG00000075702,"ENSMUSG00000033902,ENSMUSG00000037020",FBgn0031374,WDR62,"Mapkbp1,Wdr62",Wdr62
3BB1A,9606.ENSP00000250244,10090.ENSMUSP00000003117,7227.FBpp0081592,endosome to melanosome transport,ENSG00000129354,ENSMUSG00000003033,FBgn0024833,AP1M2,Ap1m1,AP-1mu
3BB1B,9606.ENSP00000470142,10090.ENSMUSP00000075089,7227.FBpp0073433,Regulator of nonsense transcripts,ENSG00000005007,ENSMUSG00000058301,FBgn0030354,UPF1,Upf1,Upf1
3BB21,"9606.ENSP00000320147,9606.ENSP00000404658","10090.ENSMUSP00000080419,10090.ENSMUSP00000102906",7227.FBpp0306192,response to tetrachloromethane,"ENSG00000106462,ENSG00000108799","ENSMUSG00000029687,ENSMUSG00000006920",FBgn0000629,"EZH2,EZH1","Ezh2,Ezh1",E(z)
3BB25,9606.ENSP00000260247,10090.ENSMUSP00000067616,7227.FBpp0074607,Defective in cullin neddylation 1 domain containing,ENSG00000137692,ENSMUSG00000051674,FBgn0036967,DCUN1D5,Dcun1d4,SCCRO4
3BB2H,9606.ENSP00000379721,10090.ENSMUSP00000106046,7227.FBpp0083419,Belongs to the peptidase C19 family,ENSG00000138592,ENSMUSG00000027363,FBgn0038862,USP8,Usp8,Usp8
3BB33,9606.ENSP00000356607,"10090.ENSMUSP00000088563,10090.ENSMUSP00000130581",7227.FBpp0086177,regulation of Ral protein signal transduction,ENSG00000116191,"ENSMUSG00000038831,ENSMUSG00000026594",FBgn0034158,RALGPS2,"Ralgps1,Ralgps2",CG5522
3BB3B,9606.ENSP00000403925,10090.ENSMUSP00000067882,7227.FBpp0304278,developmental process involved in reproduction,ENSG00000154114,ENSMUSG00000037287,FBgn0265512,TBCEL,Tbcel,mlt
3BB49,"9606.ENSP00000216259,9606.ENSP00000268261","10090.ENSMUSP00000023112,10090.ENSMUSP00000023396",7227.FBpp0075693,phosphomannomutase activity,"ENSG00000100417,ENSG00000140650","ENSMUSG00000022474,ENSMUSG00000022711",FBgn0036300,"PMM1,PMM2","Pmm1,Pmm2",Pmm2
3BB4Q,9606.ENSP00000478645,"10090.ENSMUSP00000027172,10090.ENSMUSP00000040062",7227.FBpp0077950,Islet cell autoantigen,ENSG00000163596,"ENSMUSG00000026018,ENSMUSG00000062995",FBgn0037050,ICA1L,"Ica1l,Ica1",ICA69
3BB5H,9606.ENSP00000328835,10090.ENSMUSP00000105094,7227.FBpp0073822,DNA topoisomerase type I activity,ENSG00000184428,ENSMUSG00000070544,FBgn0004924,TOP1MT,Top1,Top1
3BB6A,9606.ENSP00000363642,10090.ENSMUSP00000032237,7227.FBpp0075034,U3 snoRNA binding,ENSG00000165733,ENSMUSG00000030138,FBgn0036686,BMS1,Bms1,CG7728
3BB6V,9606.ENSP00000221480,10090.ENSMUSP00000004686,7227.FBpp0300234,peroxisome fission,ENSG00000104883,ENSMUSG00000069633,FBgn0039068,PEX11G,Pex11g,CG13827
3BB7E,9606.ENSP00000426191,10090.ENSMUSP00000022136,7227.FBpp0082433,Cell cycle checkpoint protein,ENSG00000152942,ENSMUSG00000021635,FBgn0025808,RAD17,Rad17,Rad17
3BB7I,9606.ENSP00000450864,10090.ENSMUSP00000020755,7227.FBpp0082285,positive regulation of gluconeogenesis,ENSG00000100796,ENSMUSG00000020463,FBgn0024555,PPP4R3A,Ppp4r3b,flfl
3BB7K,9606.ENSP00000366395,10090.ENSMUSP00000114843,7227.FBpp0303146,E3 ubiquitin-protein ligase synoviolin,ENSG00000162298,ENSMUSG00000024807,FBgn0039875,SYVN1,Syvn1,sip3
3BB82,9606.ENSP00000269967,10090.ENSMUSP00000002683,7227.FBpp0079232,Coiled-coil domain containing protein (DUF2052),ENSG00000142039,ENSMUSG00000002608,FBgn0032017,CCDC97,Ccdc97,CG7810
3BB8C,9606.ENSP00000222644,10090.ENSMUSP00000125880,"7227.FBpp0088886,7227.FBpp0290542",Belongs to the MAGUK family,ENSG00000105926,ENSMUSG00000038388,"FBgn0250785,FBgn0013759",MPP6,Mpp6,"vari,CASK"
3BB8K,9606.ENSP00000377801,10090.ENSMUSP00000048043,7227.FBpp0083546,chromatin organization,ENSG00000166965,ENSMUSG00000038930,FBgn0038917,RCCD1,Rccd1,CG6678
3BB94,9606.ENSP00000313885,10090.ENSMUSP00000091440,7227.FBpp0077122,,ENSG00000177728,ENSMUSG00000020747,FBgn0022153,TMEM94,Tmem94,l(2)k05819
3BB95,9606.ENSP00000273064,10090.ENSMUSP00000084466,"7227.FBpp0074512,7227.FBpp0085232",positive regulation of nuclear receptor transcription coactivator activity,ENSG00000144580,ENSMUSG00000026174,"FBgn0031047,FBgn0039887",CNOT9,Cnot9,"Rcd-1,CG2053"
3BB9C,9606.ENSP00000478754,10090.ENSMUSP00000128421,7227.FBpp0079565,Belongs to the DEAD box helicase family,ENSG00000110367,ENSMUSG00000032097,FBgn0004419,DDX6,Ddx6,me31B
3BB9Y,9606.ENSP00000355428,10090.ENSMUSP00000112077,7227.FBpp0294031,negative regulation of protein tyrosine kinase activity,ENSG00000175137,ENSMUSG00000013646,FBgn0030581,SH3BP5L,Sh3bp5l,CG14408
3BBA0,9606.ENSP00000233055,10090.ENSMUSP00000014691,7227.FBpp0293060,positive regulation of toll-like receptor 4 signaling pathway,ENSG00000085449,ENSMUSG00000014547,FBgn0032246,WDFY1,Wdfy2,Wdfy2
3BBAZ,9606.ENSP00000353646,10090.ENSMUSP00000014927,"7227.FBpp0086135,7227.FBpp0088791,7227.FBpp0271844","Pleckstrin homology domain containing, family G (with RhoGef domain) member",ENSG00000196155,ENSMUSG00000014782,"FBgn0034194,FBgn0035802,FBgn0050456",PLEKHG4,Plekhg4,"CG15611,Pura,CG30456"
3BBBA,9606.ENSP00000303830,10090.ENSMUSP00000005671,"7227.FBpp0080716,7227.FBpp0082463,7227.FBpp0288669",insulin receptor substrate binding,ENSG00000171105,ENSMUSG00000005533,"FBgn0032752,FBgn0038279,FBgn0283499",INSR,Igf1r,"CG10702,Sdr,InR"
3BBBJ,9606.ENSP00000386277,10090.ENSMUSP00000132688,7227.FBpp0112547,regulation of cyclin-dependent protein serine/threonine kinase activity,ENSG00000115649,ENSMUSG00000033159,FBgn0058191,CNPPD1,Cnppd1,CG40191
3BBC3,9606.ENSP00000313140,10090.ENSMUSP00000043049,7227.FBpp0081878,exodeoxyribonuclease I activity,ENSG00000081177,ENSMUSG00000032705,FBgn0037901,EXD2,Exd2,Exd2
3BBD1,9606.ENSP00000479964,10090.ENSMUSP00000110179,7227.FBpp0083082,"Solute carrier family 4 (anion exchanger), member 1, adaptor protein",ENSG00000163798,ENSMUSG00000029141,FBgn0038640,SLC4A1AP,Slc4a1ap,CG7706
3BBD9,9606.ENSP00000281821,10090.ENSMUSP00000029964,7227.FBpp0088153,ephrin receptor activity,ENSG00000116106,ENSMUSG00000028289,FBgn0025936,EPHA4,Epha7,Eph
3BBDS,9606.ENSP00000346112,"10090.ENSMUSP00000028549,10090.ENSMUSP00000096690",7227.FBpp0072046,Solute carrier family 12,ENSG00000140199,"ENSMUSG00000027130,ENSMUSG00000017740",FBgn0261794,SLC12A6,"Slc12a6,Slc12a5",kcc
3BBE2,9606.ENSP00000357869,10090.ENSMUSP00000072134,7227.FBpp0072416,1-phosphatidylinositol 4-kinase activity,ENSG00000143393,ENSMUSG00000038861,FBgn0004373,PI4KB,Pi4kb,fwd
3BBEG,9606.ENSP00000452948,10090.ENSMUSP00000095949,"7227.FBpp0081509,7227.FBpp0082633","mannosyl-oligosaccharide 1,3-1,6-alpha-mannosidase activity",ENSG00000196547,ENSMUSG00000038886,"FBgn0011740,FBgn0026616",MAN2A2,Man2a2,"alpha-Man-IIa,alpha-Man-IIb"
3BBHE,9606.ENSP00000040738,10090.ENSMUSP00000058618,7227.FBpp0084622,biorientation of chromosomes in cell division,ENSG00000038219,ENSMUSG00000061755,FBgn0039560,BOD1L1,Bod1l,BOD1
3BBHI,9606.ENSP00000323880,10090.ENSMUSP00000038351,7227.FBpp0088237,Forkhead box,ENSG00000129654,ENSMUSG00000034227,FBgn0052006,FOXJ1,Foxj1,CG32006
3BBJ1,9606.ENSP00000262741,10090.ENSMUSP00000030464,7227.FBpp0303635,regulatory subunit,ENSG00000117461,ENSMUSG00000028698,FBgn0020622,PIK3R3,Pik3r3,Pi3K21B
3BBJJ,9606.ENSP00000403042,10090.ENSMUSP00000066607,7227.FBpp0085459,regulation of nucleic acid-templated transcription,ENSG00000006576,ENSMUSG00000058388,FBgn0028579,PHTF2,Phtf1,phtf
3BBKC,9606.ENSP00000377721,10090.ENSMUSP00000032768,7227.FBpp0082035,radial pattern formation,ENSG00000185551,ENSMUSG00000030551,FBgn0003651,NR2F2,Nr2f2,svp
3BBM4,9606.ENSP00000372394,10090.ENSMUSP00000019439,7227.FBpp0078559,ubiquitin-like protein ligase activity,ENSG00000168936,ENSMUSG00000019295,FBgn0037241,TMEM129,Tmem129,CG14646
3BBMN,9606.ENSP00000281722,10090.ENSMUSP00000045511,7227.FBpp0083366,heterogeneous nuclear ribonucleoprotein,ENSG00000151962,ENSMUSG00000033882,FBgn0038826,RBM46,Rbm46,Syp
3BBMP,9606.ENSP00000279146,10090.ENSMUSP00000036279,7227.FBpp0073411,farnesylated protein binding,ENSG00000110711,ENSMUSG00000040554,FBgn0030345,AIP,Aipl1,CG1847
3BBNC,9606.ENSP00000269571,10090.ENSMUSP00000020329,7227.FBpp0071571,receptor,ENSG00000141736,ENSMUSG00000020122,FBgn0003731,ERBB2,Egfr,Egfr
3BBND,9606.ENSP00000324510,"10090.ENSMUSP00000102058,10090.ENSMUSP00000138188","7227.FBpp0292144,7227.FBpp0305560",regulation of dense core granule exocytosis,ENSG00000007516,"ENSMUSG00000057948,ENSMUSG00000047507","FBgn0266719,FBgn0035756",BAIAP3,"Unc13d,Baiap3","stac,unc-13-4A"
3BBPA,9606.ENSP00000376258,10090.ENSMUSP00000031434,7227.FBpp0086919,negative regulation of cysteine-type endopeptidase activity involved in execution phase of apoptosis,ENSG00000170633,ENSMUSG00000029474,FBgn0033783,RNF34,Rnf34,CG17019
3BBPR,9606.ENSP00000384330,10090.ENSMUSP00000099867,"7227.FBpp0072306,7227.FBpp0080452",Belongs to the TRAFAC class myosin-kinesin ATPase superfamily. Myosin family,ENSG00000133020,ENSMUSG00000053093,"FBgn0265434,FBgn0264695",MYH8,Myh7,"zip,Mhc"
3BBPY,9606.ENSP00000417569,10090.ENSMUSP00000033289,7227.FBpp0073955,stromal interaction molecule,ENSG00000109689,ENSMUSG00000030987,FBgn0045073,STIM2,Stim1,Stim
3BBQ5,9606.ENSP00000424544,10090.ENSMUSP00000126080,7227.FBpp0079233,protein N-linked glycosylation via asparagine,ENSG00000104723,ENSMUSG00000039530,FBgn0032015,TUSC3,Tusc3,Ostgamma
3BBR0,"9606.ENSP00000385751,9606.ENSP00000483424","10090.ENSMUSP00000027929,10090.ENSMUSP00000131684",7227.FBpp0290718,Map microtubule affinity-regulating kinase,"ENSG00000072518,ENSG00000116141","ENSMUSG00000026620,ENSMUSG00000024969",FBgn0260934,"MARK2,MARK1","Mark1,Mark2",par-1
3BBR8,"9606.ENSP00000263574,9606.ENSP00000284981",10090.ENSMUSP00000072428,7227.FBpp0298292,Amyloid beta (A4),"ENSG00000084234,ENSG00000142192",ENSMUSG00000031996,FBgn0000108,"APLP2,APP",Aplp2,Appl
3BBT5,9606.ENSP00000274289,10090.ENSMUSP00000033154,7227.FBpp0074608,protein serine/threonine kinase activity,ENSG00000145632,ENSMUSG00000030867,FBgn0003124,PLK2,Plk1,polo
3BBTB,9606.ENSP00000296785,10090.ENSMUSP00000022164,7227.FBpp0079487,low-density lipoprotein particle receptor binding,ENSG00000164331,ENSMUSG00000021661,FBgn0032171,ANKRA2,Ankra2,CG5846
3BBUC,9606.ENSP00000261700,"10090.ENSMUSP00000022341,10090.ENSMUSP00000136672",7227.FBpp0082916,"tRNA splicing, via endonucleolytic cleavage and ligation",ENSG00000087302,"ENSMUSG00000021807,ENSMUSG00000074479",FBgn0051249,RTRAF,"Rtraf,Gm10704",CG31249
3BBVH,9606.ENSP00000262241,10090.ENSMUSP00000073004,7227.FBpp0292003,transcription corepressor activity,ENSG00000089902,ENSMUSG00000037395,FBgn0261573,RCOR1,Rcor3,CoRest
3BBVK,9606.ENSP00000265881,10090.ENSMUSP00000034524,7227.FBpp0083854,RNA exonuclease 2,ENSG00000076043,ENSMUSG00000032026,FBgn0039115,REXO2,Rexo2,CG10214
3BBWT,9606.ENSP00000421985,10090.ENSMUSP00000049026,7227.FBpp0302831,folliculin interacting protein,ENSG00000217128,ENSMUSG00000035992,FBgn0036684,FNIP1,Fnip1,CG3764
3BBYS,9606.ENSP00000387361,10090.ENSMUSP00000066808,"7227.FBpp0080237,7227.FBpp0111762",strawberry notch homolog,ENSG00000139697,ENSMUSG00000038095,"FBgn0028887,FBgn0265630",SBNO1,Sbno1,"CG3491,sno"
3BBZZ,9606.ENSP00000266025,10090.ENSMUSP00000010189,7227.FBpp0078897,"retrograde vesicle-mediated transport, Golgi to ER",ENSG00000126062,ENSMUSG00000010045,FBgn0031818,TMEM115,Tmem115,CG9536
3BC1I,9606.ENSP00000448323,10090.ENSMUSP00000011302,7227.FBpp0082893,obsolete TFIIIB-type transcription factor activity,ENSG00000185024,ENSMUSG00000011158,FBgn0038499,BRF1,Brf1,Brf
3BC20,9606.ENSP00000287078,10090.ENSMUSP00000020284,7227.FBpp0072282,regulation of fatty acid beta-oxidation,ENSG00000156521,ENSMUSG00000020087,FBgn0035065,TYSND1,Tysnd1,CG3589
3BC62,9606.ENSP00000365782,10090.ENSMUSP00000037596,7227.FBpp0082435,cilium organization,ENSG00000148019,ENSMUSG00000041491,FBgn0038248,CEP78,Cep78,CG7886
3BC67,9606.ENSP00000372191,"10090.ENSMUSP00000026559,10090.ENSMUSP00000072732",7227.FBpp0083290,NAD-dependent histone deacetylase activity (H4-K16 specific),ENSG00000142082,"ENSMUSG00000025486,ENSMUSG00000015149",FBgn0038788,SIRT3,"Sirt3,Sirt2",Sirt2
3BC6D,9606.ENSP00000260356,10090.ENSMUSP00000003659,7227.FBpp0078941,heparin binding,ENSG00000137801,ENSMUSG00000031849,FBgn0031850,THBS1,Comp,Tsp
3BC6X,"9606.ENSP00000242592,9606.ENSP00000357873",10090.ENSMUSP00000015829,"7227.FBpp0074843,7227.FBpp0082092,7227.FBpp0083227","oxidoreductase activity, acting on the CH-CH group of donors, with a flavin as acceptor","ENSG00000122971,ENSG00000196177",ENSMUSG00000030861,"FBgn0036824,FBgn0037999,FBgn0038742","ACADS,ACADSB",Acadsb,"CG3902,CG4860,Arc42"
3BC6Y,9606.ENSP00000367323,10090.ENSMUSP00000125058,7227.FBpp0300312,Voltage-gated potassium channel subunit,ENSG00000069424,ENSMUSG00000028931,FBgn0263220,KCNAB2,Kcnab2,Hk
3BC86,9606.ENSP00000266970,10090.ENSMUSP00000026416,7227.FBpp0289675,positive regulation of DNA-dependent DNA replication initiation,ENSG00000123374,ENSMUSG00000025358,FBgn0004107,CDK2,Cdk2,Cdk2
3BC8P,9606.ENSP00000326381,10090.ENSMUSP00000023599,7227.FBpp0297911,negative regulation of RNA-directed 5'-3' RNA polymerase activity,ENSG00000156976,ENSMUSG00000022884,FBgn0001942,EIF4A2,Eif4a2,eIF4A
3BC92,9606.ENSP00000438748,10090.ENSMUSP00000020801,7227.FBpp0079708,"nuclear-transcribed mRNA catabolic process, nonsense-mediated decay",ENSG00000167447,ENSMUSG00000020495,FBgn0032296,SMG8,Smg8,CG6729
3BCAJ,9606.ENSP00000296953,10090.ENSMUSP00000059102,7227.FBpp0110092,positive regulation of prolactin signaling pathway,ENSG00000164463,ENSMUSG00000048249,FBgn0039209,CREBRF,Crebrf,REPTOR
3BCAM,9606.ENSP00000376807,10090.ENSMUSP00000034371,"7227.FBpp0111628,7227.FBpp0289628,7227.FBpp0292372",dipeptidase activity,ENSG00000015413,ENSMUSG00000031898,"FBgn0266100,FBgn0039420,FBgn0261804",DPEP1,Dpep3,"CG44837,CG6154,CG42750"
3BCB0,9606.ENSP00000224652,10090.ENSMUSP00000033139,7227.FBpp0085627,arginyltransferase activity,ENSG00000107669,ENSMUSG00000030850,FBgn0025720,ATE1,Ate1,Ate1
3BCBZ,9606.ENSP00000440288,"10090.ENSMUSP00000031354,10090.ENSMUSP00000110729","7227.FBpp0070078,7227.FBpp0073491","ATPase activity, coupled to transmembrane movement of substances",ENSG00000150967,"ENSMUSG00000029408,ENSMUSG00000028973","FBgn0023536,FBgn0030403",ABCB9,"Abcb9,Abcb8","CG3156,CG1824"
3BCC5,9606.ENSP00000012443,10090.ENSMUSP00000003183,7227.FBpp0081606,phosphatase 5,ENSG00000011485,ENSMUSG00000003099,FBgn0005777,PPP5C,Ppp5c,PpD3
3BCCR,9606.ENSP00000035307,10090.ENSMUSP00000112804,7227.FBpp0297743,Chondroitin,ENSG00000033100,ENSMUSG00000038181,FBgn0263005,CHPF2,Chpf2,CG43313
3BCDC,9606.ENSP00000376989,10090.ENSMUSP00000110976,7227.FBpp0078280,nucleic acid binding,ENSG00000048405,ENSMUSG00000039841,FBgn0037379,ZNF800,Zfp800,CG10979
3BCDH,9606.ENSP00000396749,10090.ENSMUSP00000010597,7227.FBpp0302789,histone H4-K16 acetylation,ENSG00000114982,ENSMUSG00000010453,FBgn0033897,KANSL3,Kansl3,Rcd1
3BCEQ,9606.ENSP00000262794,10090.ENSMUSP00000118437,7227.FBpp0100102,Mov10 RISC complex RNA helicase like 1,ENSG00000073146,ENSMUSG00000015365,FBgn0041164,MOV10L1,Mov10l1,armi
3BCEV,9606.ENSP00000367318,10090.ENSMUSP00000103518,7227.FBpp0078422,Rab guanyl-nucleotide exchange factor activity,ENSG00000107185,ENSMUSG00000028468,FBgn0037297,RGP1,Rgp1,CG1116
3BCFM,9606.ENSP00000410811,"10090.ENSMUSP00000024869,10090.ENSMUSP00000126340","7227.FBpp0083918,7227.FBpp0303790",microtubule-severing ATPase activity,ENSG00000132436,"ENSMUSG00000024068,ENSMUSG00000035455","FBgn0039141,FBgn0031519",FIGNL1,"Spast,Fignl1","spas,Fign"
3BCG5,9606.ENSP00000482410,10090.ENSMUSP00000051842,7227.FBpp0087334,Jerky protein,ENSG00000234616,ENSMUSG00000046380,FBgn0017414,JRK,Jrk,cag
3BCGR,9606.ENSP00000357880,10090.ENSMUSP00000097528,7227.FBpp0079584,S-adenosylmethioninamine biosynthetic process,ENSG00000123505,ENSMUSG00000075232,FBgn0019932,AMD1,Amd1,SamDC
3BCH1,9606.ENSP00000247843,10090.ENSMUSP00000020382,7227.FBpp0078992,histone H2A acetylation,ENSG00000127337,ENSMUSG00000020171,FBgn0031873,YEATS4,Yeats4,Gas41
3BCJU,9606.ENSP00000361180,10090.ENSMUSP00000028157,7227.FBpp0080700,general transcription factor,ENSG00000148308,ENSMUSG00000026816,FBgn0086445,GTF3C5,Gtf3c5,l(2)37Cd
3BCK7,9606.ENSP00000229812,10090.ENSMUSP00000009138,7227.FBpp0304464,protein serine/threonine kinase activity,ENSG00000112079,ENSMUSG00000024006,FBgn0003744,STK38,Stk38,trc
3BCM0,9606.ENSP00000440402,10090.ENSMUSP00000130440,7227.FBpp0070235,helicase,ENSG00000013573,ENSMUSG00000035842,FBgn0026876,DDX11,Ddx11,CG11403
3BCM5,9606.ENSP00000256578,10090.ENSMUSP00000099698,7227.FBpp0292384,Belongs to the metallo-dependent hydrolases superfamily. Adenosine and AMP deaminases family,ENSG00000116337,ENSMUSG00000027889,FBgn0052626,AMPD2,Ampd2,AMPdeam
3BCM7,9606.ENSP00000390651,10090.ENSMUSP00000033769,7227.FBpp0084549,interleukin-1-mediated signaling pathway,ENSG00000198001,ENSMUSG00000031392,FBgn0010441,IRAK4,Irak1,pll
3BCN5,9606.ENSP00000306117,"10090.ENSMUSP00000034612,10090.ENSMUSP00000038551",7227.FBpp0304166,ATP-dependent RNA helicase,ENSG00000168872,"ENSMUSG00000032101,ENSMUSG00000033658",FBgn0024804,DDX19A,"Ddx25,Ddx19b",Dbp80
3BCN6,9606.ENSP00000348510,10090.ENSMUSP00000056719,7227.FBpp0080077,general transcription factor,ENSG00000077235,ENSMUSG00000032777,FBgn0032517,GTF3C1,Gtf3c1,CG7099
3BCNB,9606.ENSP00000335595,10090.ENSMUSP00000038590,7227.FBpp0070786,regulation of sperm capacitation,ENSG00000176148,ENSMUSG00000062859,FBgn0029820,TCP11L1,Tcp11,CG16721
3BCPI,9606.ENSP00000356807,10090.ENSMUSP00000037514,7227.FBpp0070007,(Tor) signaling pathway,ENSG00000143155,ENSMUSG00000040843,FBgn0031094,TIPRL,Tiprl,CG9578
3BCQH,"9606.ENSP00000264080,9606.ENSP00000361483",10090.ENSMUSP00000005975,7227.FBpp0071269,clathrin heavy chain binding,"ENSG00000125734,ENSG00000148358",ENSMUSG00000005823,FBgn0030109,"GPR108,GPR107",Gpr108,CG12121
3BCRH,9606.ENSP00000473172,10090.ENSMUSP00000103400,7227.FBpp0074756,"Proposed core component of the chromatin remodeling Ino80 complex which is involved in transcriptional regulation, DNA replication and probably DNA repair",ENSG00000183207,ENSMUSG00000003868,FBgn0040075,RUVBL2,Ruvbl2,rept
3BCT3,9606.ENSP00000328875,"10090.ENSMUSP00000027186,10090.ENSMUSP00000044482",7227.FBpp0297341,anterograde dendritic transport of mitochondrion,ENSG00000115993,"ENSMUSG00000026028,ENSMUSG00000032536",FBgn0262872,TRAK2,"Trak2,Trak1",milt
3BCT5,9606.ENSP00000296215,10090.ENSMUSP00000060721,7227.FBpp0112453,production of miRNAs involved in gene silencing by miRNA,ENSG00000163877,ENSMUSG00000050213,FBgn0039943,SNIP1,Snip1,CG17168
3BCTD,9606.ENSP00000364204,10090.ENSMUSP00000030536,7227.FBpp0099837,positive regulation of cristae formation,ENSG00000158828,ENSMUSG00000028756,FBgn0029891,PINK1,Pink1,Pink1
3BCUC,9606.ENSP00000264649,10090.ENSMUSP00000044838,"7227.FBpp0079839,7227.FBpp0083071,7227.FBpp0084743,7227.FBpp0085786","Essential component of the vacuolar proton pump (V- ATPase), a multimeric enzyme that catalyzes the translocation of protons across the membranes. Required for assembly and activity of the V-ATPase",ENSG00000033627,ENSMUSG00000019302,"FBgn0032373,FBgn0028670,FBgn0028671,FBgn0028669",ATP6V0A1,Atp6v0a1,"Vha100-5,Vha100-2,Vha100-1,Vha100-3"
3BCV3,9606.ENSP00000315702,10090.ENSMUSP00000125415,7227.FBpp0297918,kinase binding,ENSG00000115540,ENSMUSG00000025979,FBgn0259483,MOB4,Mob4,Mob4
3BCVR,9606.ENSP00000240185,10090.ENSMUSP00000081142,"7227.FBpp0075370,7227.FBpp0088568",nuclear inner membrane organization,ENSG00000120948,ENSMUSG00000041459,"FBgn0036496,FBgn0025790",TARDBP,Tardbp,"CG7804,TBPH"
3BCVV,9606.ENSP00000392318,10090.ENSMUSP00000028911,7227.FBpp0080629,histone acetyltransferase activity,ENSG00000149474,ENSMUSG00000027425,FBgn0032691,KAT14,Kat14,Atac2
3BCX4,9606.ENSP00000318429,10090.ENSMUSP00000042772,7227.FBpp0083775,outer dynein arm assembly,ENSG00000105479,ENSMUSG00000040189,FBgn0039070,CCDC114,Ccdc114,CG17083
3BCX9,9606.ENSP00000451300,10090.ENSMUSP00000119303,7227.FBpp0303726,numb homolog,ENSG00000133961,ENSMUSG00000021224,FBgn0002973,NUMB,Numb,numb
3BCXY,"9606.ENSP00000321856,9606.ENSP00000383938","10090.ENSMUSP00000024042,10090.ENSMUSP00000032422",7227.FBpp0077763,cysteine-rich with EGF-like,"ENSG00000163703,ENSG00000184164","ENSMUSG00000023272,ENSMUSG00000030284",FBgn0031217,"CRELD1,CRELD2","Creld2,Creld1",CG11377
3BCYK,9606.ENSP00000477602,10090.ENSMUSP00000006557,"7227.FBpp0078575,7227.FBpp0081313,7227.FBpp0297436","Catalyzes the first and rate-limiting reaction of the four that constitute the long-chain fatty acids elongation cycle. This endoplasmic reticulum-bound enzymatic process, allows the addition of 2 carbons to the chain of long- and very long-chain fatty acids VLCFAs per cycle. Condensing enzyme",ENSG00000066322,ENSMUSG00000006390,"FBgn0051523,FBgn0037534,FBgn0051522",ELOVL1,Elovl1,"CG31523,CG2781,CG31522"
3BCYM,9606.ENSP00000380495,10090.ENSMUSP00000031478,7227.FBpp0075106,Belongs to the DEAD box helicase family,ENSG00000185163,ENSMUSG00000029504,FBgn0004556,DDX51,Ddx51,Dbp73D
3BCYP,9606.ENSP00000325376,10090.ENSMUSP00000120115,7227.FBpp0081601,Heterogeneous nuclear ribonucleoprotein M,ENSG00000099783,ENSMUSG00000059208,FBgn0267790,HNRNPM,Hnrnpm,rump
3BCZE,9606.ENSP00000359531,10090.ENSMUSP00000029938,7227.FBpp0305673,factor iib,ENSG00000137947,ENSMUSG00000028271,FBgn0004915,GTF2B,Gtf2b,TfIIB
3BCZK,9606.ENSP00000249344,"10090.ENSMUSP00000036477,10090.ENSMUSP00000068587",7227.FBpp0072946,cortical actin cytoskeleton organization,ENSG00000128578,"ENSMUSG00000039629,ENSMUSG00000014601",FBgn0035437,STRIP2,"Strip2,Strip1",Strip
3BD0F,9606.ENSP00000356988,10090.ENSMUSP00000106926,7227.FBpp0072385,bis(5'-adenosyl)-triphosphatase activity,ENSG00000158793,ENSMUSG00000013997,FBgn0024945,NIT1,Nit1,NitFhit
3BD14,9606.ENSP00000311121,10090.ENSMUSP00000042590,"7227.FBpp0072257,7227.FBpp0073989,7227.FBpp0083336","The proteasome is a multicatalytic proteinase complex which is characterized by its ability to cleave peptides with Arg, Phe, Tyr, Leu, and Glu adjacent to the leaving group at neutral or slightly basic pH",ENSG00000154611,ENSMUSG00000036743,"FBgn0017556,FBgn0004066,FBgn0265606",PSMA8,Psma8,"Prosalpha4T2,Prosalpha4,Prosalpha4T1"
3BD1V,9606.ENSP00000309474,10090.ENSMUSP00000027432,7227.FBpp0084754,regulation of protein catabolic process,ENSG00000173692,ENSMUSG00000026229,FBgn0028692,PSMD1,Psmd1,Rpn2
3BD4S,9606.ENSP00000264775,10090.ENSMUSP00000016144,"7227.FBpp0078156,7227.FBpp0078157,7227.FBpp0078160,7227.FBpp0087590,7227.FBpp0087635",Lipid phosphate phosphohydrolase,ENSG00000067113,ENSMUSG00000021759,"FBgn0037164,FBgn0037165,FBgn0037163,FBgn0041087,FBgn0016078",PLPP1,Plpp1,"CG11438,CG11437,laza,wun2,wun"
3BD4U,9606.ENSP00000357047,10090.ENSMUSP00000090316,7227.FBpp0289089,Mediator of RNA polymerase II transcription subunit,ENSG00000112282,ENSMUSG00000019984,FBgn0034795,MED23,Med23,MED23
3BD60,9606.ENSP00000358575,10090.ENSMUSP00000103771,7227.FBpp0085543,cilium movement,ENSG00000272514,ENSMUSG00000028294,FBgn0034532,CFAP206,Cfap206,CG13436
3BD68,9606.ENSP00000296702,10090.ENSMUSP00000025375,7227.FBpp0292135,Transcription elongation regulator,ENSG00000113649,ENSMUSG00000024498,FBgn0261641,TCERG1,Tcerg1,CG42724
3BD6K,9606.ENSP00000315775,10090.ENSMUSP00000034203,7227.FBpp0079628,Golgi vesicle prefusion complex stabilization,ENSG00000103051,ENSMUSG00000031753,FBgn0032258,COG4,Cog4,CG7456
3BD7H,9606.ENSP00000261596,10090.ENSMUSP00000070583,7227.FBpp0292618,phosphatidate phosphatase,ENSG00000101577,ENSMUSG00000020593,FBgn0263593,LPIN2,Lpin1,Lpin
3BD7N,9606.ENSP00000372335,10090.ENSMUSP00000030993,7227.FBpp0083453,negative regulation of transcription elongation from RNA polymerase II promoter,ENSG00000185049,ENSMUSG00000029111,FBgn0038872,NELFA,Nelfa,Nelf-A
3BD7U,9606.ENSP00000356263,10090.ENSMUSP00000093581,"7227.FBpp0071713,7227.FBpp0071716,7227.FBpp0080294,7227.FBpp0292778",UPF0364 protein C6orf211 homolog,ENSG00000146476,ENSMUSG00000061759,"FBgn0034689,FBgn0034687,FBgn0028892,FBgn0034688",ARMT1,Armt1,"CG2921,CG11475,CG4161,CG11474"
3BD80,9606.ENSP00000339883,"10090.ENSMUSP00000005003,10090.ENSMUSP00000025713",7227.FBpp0071630,transmembrane 7 superfamily member 2,ENSG00000143815,"ENSMUSG00000004880,ENSMUSG00000024799",FBgn0034657,LBR,"Lbr,Tm7sf2",LBR
3BD88,9606.ENSP00000335304,10090.ENSMUSP00000060346,7227.FBpp0081834,dihydrolipoyllysine-residue succinyltransferase activity,ENSG00000119689,ENSMUSG00000004789,FBgn0037891,DLST,Dlst,CG5214
3BD8E,9606.ENSP00000402653,10090.ENSMUSP00000091048,7227.FBpp0080383,WD repeat,ENSG00000123154,ENSMUSG00000005150,FBgn0028897,WDR83,Wdr83,CG4935
3BD8K,9606.ENSP00000257934,10090.ENSMUSP00000064465,7227.FBpp0076831,meiotic chromosome separation,ENSG00000135476,ENSMUSG00000058290,FBgn0035627,ESPL1,Espl1,Sse
3BD8Q,9606.ENSP00000416418,10090.ENSMUSP00000044185,7227.FBpp0290667,sodium:proton antiporter activity,ENSG00000197818,ENSMUSG00000039463,FBgn0026787,SLC9A8,Slc9a8,Nhe1
3BD9X,9606.ENSP00000267973,10090.ENSMUSP00000113560,7227.FBpp0081650,positive regulation of histone H3-K79 methylation,ENSG00000140395,ENSMUSG00000061559,FBgn0027524,WDR61,Wdr61,CG3909
3BDAI,9606.ENSP00000251871,10090.ENSMUSP00000034411,7227.FBpp0082980,nucleic acid-templated transcription,ENSG00000042429,ENSMUSG00000031935,FBgn0038578,MED17,Med17,MED17
3BDAR,9606.ENSP00000219240,10090.ENSMUSP00000070303,7227.FBpp0289671,dihydroorotate dehydrogenase activity,ENSG00000102967,ENSMUSG00000031730,FBgn0000447,DHODH,Dhodh,Dhod
3BDAS,9606.ENSP00000362014,"10090.ENSMUSP00000064538,10090.ENSMUSP00000088618,10090.ENSMUSP00000133564",7227.FBpp0305866,dynamin family protein polymerization involved in mitochondrial fission,ENSG00000106976,"ENSMUSG00000040265,ENSMUSG00000026825,ENSMUSG00000033335",FBgn0003392,DNM1,"Dnm3,Dnm1,Dnm2",shi
3BDAZ,9606.ENSP00000425092,10090.ENSMUSP00000021226,7227.FBpp0070951,Luc7-like protein 3,ENSG00000108848,ENSMUSG00000020863,FBgn0029887,LUC7L3,Luc7l3,CG3198
3BDB9,9606.ENSP00000350409,10090.ENSMUSP00000027285,7227.FBpp0081434,protein transport,ENSG00000115446,ENSMUSG00000026111,FBgn0037609,UNC50,Unc50,CG9773
3BDBI,9606.ENSP00000351157,10090.ENSMUSP00000021959,7227.FBpp0086426,cell redox homeostasis,ENSG00000113621,ENSMUSG00000021497,FBgn0034050,TXNDC15,Txndc15,bug
3BDCC,9606.ENSP00000307411,10090.ENSMUSP00000110328,7227.FBpp0112111,"Myeloid lymphoid or mixed-lineage leukemia (trithorax homolog, Drosophila)",ENSG00000078403,ENSMUSG00000026743,FBgn0261238,MLLT10,Mllt10,Alh
3BDCM,9606.ENSP00000226796,10090.ENSMUSP00000029643,7227.FBpp0071562,"Required for ribosome biogenesis. Part of a complex which catalyzes pseudouridylation of rRNA. This involves the isomerization of uridine such that the ribose is subsequently attached to C5, instead of the normal N1",ENSG00000109534,ENSMUSG00000028010,FBgn0011824,GAR1,Gar1,CG4038
3BDE6,9606.ENSP00000322716,10090.ENSMUSP00000111510,7227.FBpp0292905,phosphogluconate dehydrogenase (decarboxylating) activity,ENSG00000140632,ENSMUSG00000022536,FBgn0043456,GLYR1,Glyr1,CG4747
3BDFF,9606.ENSP00000340896,10090.ENSMUSP00000070957,7227.FBpp0084040,euchromatin binding,ENSG00000129691,ENSMUSG00000031575,FBgn0000139,ASH2L,Ash2l,ash2
3BDFJ,9606.ENSP00000429089,"10090.ENSMUSP00000029866,10090.ENSMUSP00000103658",7227.FBpp0294012,cell cycle G1/S phase transition,ENSG00000175305,"ENSMUSG00000028212,ENSMUSG00000002068",FBgn0010382,CCNE2,"Ccne2,Ccne1",CycE
3BDGB,9606.ENSP00000311318,"10090.ENSMUSP00000030279,10090.ENSMUSP00000068450",7227.FBpp0082569,Cysteine protease required for the cytoplasm to vacuole transport (Cvt) and autophagy,ENSG00000130734,"ENSMUSG00000028550,ENSMUSG00000002820",FBgn0038325,ATG4D,"Atg4c,Atg4d",Atg4b
3BDGN,9606.ENSP00000360183,10090.ENSMUSP00000085218,7227.FBpp0077022,Belongs to the syntaxin family,ENSG00000124222,ENSMUSG00000027522,FBgn0031106,STX16,Stx16,Syx16
3BDGV,9606.ENSP00000219139,10090.ENSMUSP00000034361,7227.FBpp0076331,Golgi to plasma membrane protein transport,ENSG00000125149,ENSMUSG00000031889,FBgn0035877,C16orf70,D230025D16Rik,CG7083
3BDHP,9606.ENSP00000324587,10090.ENSMUSP00000138082,7227.FBpp0297366,"Family with sequence similarity 193, member A",ENSG00000125386,ENSMUSG00000037210,FBgn0038108,FAM193A,Fam193a,CG7518
3BDIF,9606.ENSP00000445408,10090.ENSMUSP00000075619,7227.FBpp0071563,effector protein 1,ENSG00000029725,ENSMUSG00000020817,FBgn0034585,RABEP1,Rabep1,Rbpn-5
3BDJ7,9606.ENSP00000380352,10090.ENSMUSP00000035610,7227.FBpp0079257,Sec-23 interacting protein,ENSG00000085788,ENSMUSG00000055319,FBgn0031990,DDHD2,Sec23ip,PAPLA1
3BDJN,9606.ENSP00000262300,10090.ENSMUSP00000024701,7227.FBpp0076824,protein serine/threonine kinase activity,ENSG00000127564,ENSMUSG00000023908,FBgn0040298,PKMYT1,Pkmyt1,Myt1
3BDJS,9606.ENSP00000261015,10090.ENSMUSP00000027173,7227.FBpp0079780,"maturation of LSU-rRNA from tricistronic rRNA transcript (SSU-rRNA, 5.8S rRNA, LSU-rRNA)",ENSG00000138442,ENSMUSG00000026019,FBgn0032298,WDR12,Wdr12,CG6724
3BDJX,9606.ENSP00000317842,"10090.ENSMUSP00000034172,10090.ENSMUSP00000121729","7227.FBpp0071604,7227.FBpp0078010,7227.FBpp0079329,7227.FBpp0081070,7227.FBpp0081073",carboxylic ester hydrolase activity,ENSG00000172831,"ENSMUSG00000056973,ENSMUSG00000074156","FBgn0000326,FBgn0037090,FBgn0001114,FBgn0015572,FBgn0015574",CES2,"Ces1d,Ces1h","clt,Est-Q,Glt,alpha-Est4,alpha-Est6"
3BDPN,9606.ENSP00000442318,10090.ENSMUSP00000020315,7227.FBpp0304507,SCF complex assembly,ENSG00000111530,ENSMUSG00000020114,FBgn0027568,CAND1,Cand1,Cand1
3BDPP,9606.ENSP00000262039,10090.ENSMUSP00000111479,7227.FBpp0071973,autophagy of peroxisome,ENSG00000078142,ENSMUSG00000033628,FBgn0015277,PIK3C3,Pik3c3,Pi3K59F
3BDPW,9606.ENSP00000300087,10090.ENSMUSP00000033156,7227.FBpp0080255,Dynactin subunit 5,ENSG00000166847,ENSMUSG00000030868,FBgn0040228,DCTN5,Dctn5,DCTN5-p25
3BDSC,9606.ENSP00000302530,10090.ENSMUSP00000028858,"7227.FBpp0078704,7227.FBpp0085368","meiotic sister chromatid cohesion, centromeric",ENSG00000169679,ENSMUSG00000027379,"FBgn0031696,FBgn0263855",BUB1,Bub1,"Bub1,BubR1"
3BDSP,9606.ENSP00000462945,10090.ENSMUSP00000042792,7227.FBpp0080674,histone H4-K16 acetylation,ENSG00000188895,ENSMUSG00000052915,FBgn0005617,MSL1,Msl1,msl-1
3BDTC,9606.ENSP00000467024,10090.ENSMUSP00000003911,"7227.FBpp0083927,7227.FBpp0305835",excision repair protein,ENSG00000179262,ENSMUSG00000003813,"FBgn0039147,FBgn0026777",RAD23A,Rad23a,"CG10694,Rad23"
3BDVU,9606.ENSP00000338030,10090.ENSMUSP00000106004,7227.FBpp0080047,lipid binding,ENSG00000084090,ENSMUSG00000027367,FBgn0032513,STARD7,Stard7,CG6565
3BDYQ,9606.ENSP00000443598,10090.ENSMUSP00000080442,7227.FBpp0297171,DUF4210,ENSG00000047346,ENSMUSG00000034858,FBgn0033638,FAM214A,Fam214a,CG9005
3BE15,9606.ENSP00000343635,10090.ENSMUSP00000044430,7227.FBpp0079093,negative regulation of oxidative stress-induced neuron death,ENSG00000140950,ENSMUSG00000034105,FBgn0031904,MEAK7,Meak7,CG5149
3BE1I,9606.ENSP00000479494,10090.ENSMUSP00000133204,7227.FBpp0075833,PCI domain-containing protein 2,ENSG00000126226,ENSMUSG00000038542,FBgn0036184,PCID2,Pcid2,PCID2
3BE2N,9606.ENSP00000449535,10090.ENSMUSP00000029135,7227.FBpp0078067,acetate-CoA ligase activity,ENSG00000111058,ENSMUSG00000027605,FBgn0012034,ACSS3,Acss2,AcCoAS
3BE2S,9606.ENSP00000437402,10090.ENSMUSP00000072620,7227.FBpp0077572,phosphopyruvate hydratase activity,ENSG00000111674,ENSMUSG00000060600,FBgn0000579,ENO2,Eno3,Eno
3BE55,9606.ENSP00000263713,10090.ENSMUSP00000128374,7227.FBpp0082261,Erythrocyte membrane protein band 4.1 like,ENSG00000115109,ENSMUSG00000026383,FBgn0004049,EPB41L5,Epb41l5,yrt
3BE5E,9606.ENSP00000473444,10090.ENSMUSP00000029570,7227.FBpp0112045,Hippocampus abundant,ENSG00000196312,ENSMUSG00000089911,FBgn0035400,MFSD14C,Mfsd14a,CG11537
3BE5Q,9606.ENSP00000258083,10090.ENSMUSP00000032080,7227.FBpp0071862,PA domain,ENSG00000135617,ENSMUSG00000030008,FBgn0034803,PRADC1,Pradc1,CG9849
3BE60,9606.ENSP00000360541,10090.ENSMUSP00000030345,7227.FBpp0072848,carnitine O-palmitoyltransferase activity,ENSG00000157184,ENSMUSG00000028607,FBgn0035383,CPT2,Cpt2,CPT2
3BE62,9606.ENSP00000342344,"10090.ENSMUSP00000050001,10090.ENSMUSP00000109711",7227.FBpp0305616,regulation of cyclin-dependent protein serine/threonine kinase activity,ENSG00000163249,"ENSMUSG00000024286,ENSMUSG00000070871",FBgn0032378,CCNYL1,"Ccny,Ccnyl1",CycY
3BE69,"9606.ENSP00000360793,9606.ENSP00000378356","10090.ENSMUSP00000084599,10090.ENSMUSP00000132659",7227.FBpp0086041,Belongs to the TRAFAC class myosin-kinesin ATPase superfamily. Kinesin family,"ENSG00000138182,ENSG00000112984","ENSMUSG00000024795,ENSMUSG00000003779",FBgn0003545,"KIF20B,KIF20A","Kif20b,Kif20a",sub
3BE6T,9606.ENSP00000365272,10090.ENSMUSP00000102814,7227.FBpp0290503,guanylate kinase activity,ENSG00000150672,ENSMUSG00000052572,FBgn0001624,DLG2,Dlg2,dlg1
3BE79,9606.ENSP00000261890,10090.ENSMUSP00000110021,7227.FBpp0083413,member RAS oncogene family,ENSG00000103769,ENSMUSG00000077450,FBgn0015790,RAB11A,Rab11b,Rab11
3BE8G,9606.ENSP00000320917,10090.ENSMUSP00000039688,7227.FBpp0075756,"endonucleolytic cleavage in ITS1 to separate SSU-rRNA from 5.8S rRNA and LSU-rRNA from tricistronic rRNA transcript (SSU-rRNA, 5.8S rRNA, LSU-rRNA)",ENSG00000129347,ENSMUSG00000035047,FBgn0036254,KRI1,Kri1,CG5645
3BE97,9606.ENSP00000250113,10090.ENSMUSP00000001620,7227.FBpp0300445,fragile X mental retardation,ENSG00000129245,ENSMUSG00000027680,FBgn0028734,FXR2,Fxr1,Fmr1
3BEA9,9606.ENSP00000265564,10090.ENSMUSP00000026891,7227.FBpp0086348,U1 snRNA 3'-end processing,ENSG00000075914,ENSMUSG00000025785,FBgn0034065,EXOSC7,Exosc7,Rrp42
3BEAF,9606.ENSP00000315006,10090.ENSMUSP00000022036,7227.FBpp0289410,nucleoside:sodium symporter activity,ENSG00000137860,ENSMUSG00000021553,FBgn0033371,SLC28A2,Slc28a3,CNT1
3BEDI,"9606.ENSP00000216267,9606.ENSP00000373340",10090.ENSMUSP00000105007,7227.FBpp0088092,histone H3-K23 acetylation,"ENSG00000100425,ENSG00000156983",ENSMUSG00000022387,FBgn0033155,"BRD1,BRPF1",Brd1,Br140
3BEER,9606.ENSP00000446828,10090.ENSMUSP00000027916,7227.FBpp0084849,nucleotidase 1,ENSG00000162813,ENSMUSG00000026617,FBgn0039698,BPNT1,Bpnt1,CG7789
3BEGE,9606.ENSP00000217173,10090.ENSMUSP00000028761,7227.FBpp0084991,ubiquitin-ubiquitin ligase activity,ENSG00000185019,ENSMUSG00000027300,FBgn0039767,UBOX5,Ubox5,CG2218
3BEI5,"9606.ENSP00000229328,9606.ENSP00000254101","10090.ENSMUSP00000031486,10090.ENSMUSP00000036410",7227.FBpp0087705,nail development,"ENSG00000111725,ENSG00000131791","ENSMUSG00000029513,ENSMUSG00000038205",FBgn0260972,"PRKAB1,PRKAB2","Prkab1,Prkab2",alc
3BEJ0,9606.ENSP00000376952,10090.ENSMUSP00000036361,7227.FBpp0087317,response to intra-S DNA damage checkpoint signaling,ENSG00000154920,ENSMUSG00000039055,FBgn0033549,EME1,Eme1,mms4
3BEJN,9606.ENSP00000416250,10090.ENSMUSP00000031334,7227.FBpp0084874,translation initiation factor activity,ENSG00000111361,ENSMUSG00000029388,FBgn0039726,EIF2B1,Eif2b1,eIF2Balpha
3BEJV,9606.ENSP00000265773,"10090.ENSMUSP00000025862,10090.ENSMUSP00000034707",7227.FBpp0305757,"SWI SNF related, matrix associated, actin dependent regulator of chromatin, subfamily a, member",ENSG00000080503,"ENSMUSG00000024921,ENSMUSG00000032187",FBgn0000212,SMARCA2,"Smarca2,Smarca4",brm
3BEKH,9606.ENSP00000005386,10090.ENSMUSP00000023104,7227.FBpp0072164,RNA polymerase,ENSG00000005175,ENSMUSG00000022466,FBgn0015544,RPAP3,Rpap3,spag
3BEKS,9606.ENSP00000310226,10090.ENSMUSP00000025804,"7227.FBpp0071383,7227.FBpp0071419,7227.FBpp0071434,7227.FBpp0071436,7227.FBpp0073257,7227.FBpp0073258,7227.FBpp0083503",GTPase activity,ENSG00000174903,ENSMUSG00000024870,"FBgn0030200,FBgn0067052,FBgn0052673,FBgn0030221,FBgn0052670,FBgn0052671,FBgn0285937",RAB1B,Rab1b,"RabX2,Rab9D,Rab9E,Rab9Db,Rab9Fb,Rab9Fa,Rab1"
3BEM2,9606.ENSP00000391596,10090.ENSMUSP00000036141,7227.FBpp0290783,N-acetylglucosamine-6-phosphate deacetylase,ENSG00000162066,ENSMUSG00000036820,FBgn0031099,AMDHD2,Amdhd2,CG17065
3BEM8,9606.ENSP00000271640,10090.ENSMUSP00000015841,7227.FBpp0111689,negative regulation of transcription involved in meiotic cell cycle,ENSG00000143379,ENSMUSG00000015697,FBgn0086908,SETDB1,Setdb1,egg
3BEN3,9606.ENSP00000238714,"10090.ENSMUSP00000020513,10090.ENSMUSP00000100595",7227.FBpp0085678,polynucleotide adenylyltransferase activity,ENSG00000115421,"ENSMUSG00000020273,ENSMUSG00000074817",FBgn0015949,PAPOLG,"Papolg,Papolb",hrg
3BEN9,9606.ENSP00000217372,10090.ENSMUSP00000105353,7227.FBpp0081735,CDK5 regulatory subunit associated protein 1,ENSG00000101391,ENSMUSG00000027487,FBgn0037816,CDK5RAP1,Cdk5rap1,CG6345
3BENH,9606.ENSP00000406012,10090.ENSMUSP00000024983,7227.FBpp0077738,intraciliary retrograde transport,ENSG00000187535,ENSMUSG00000024169,FBgn0260933,IFT140,Ift140,rempA
3BENI,9606.ENSP00000453129,10090.ENSMUSP00000028636,7227.FBpp0076280,N-acetylgalactosamine kinase activity,ENSG00000156958,ENSMUSG00000027207,FBgn0263199,GALK2,Galk2,Galk
3BEQ6,9606.ENSP00000355261,10090.ENSMUSP00000001451,7227.FBpp0080138,nonsense mediated mRNA decay factor,ENSG00000198952,ENSMUSG00000001415,FBgn0019890,SMG5,Smg5,Smg5
3BES4,9606.ENSP00000251588,10090.ENSMUSP00000002350,7227.FBpp0110523,Cytosolic Fe-S cluster assembly factor,ENSG00000103245,ENSMUSG00000002280,FBgn0262115,CIAO3,Narfl,CG17683
3BES7,9606.ENSP00000361658,10090.ENSMUSP00000065836,7227.FBpp0297623,structural constituent of nuclear pore,ENSG00000095319,ENSMUSG00000052533,FBgn0033766,NUP188,Nup188,Nup188
3BESB,9606.ENSP00000417748,10090.ENSMUSP00000099542,7227.FBpp0074054,aspartic-type endopeptidase activity,ENSG00000197312,ENSMUSG00000078515,FBgn0030753,DDI2,Ddi2,rngo
3BEU6,9606.ENSP00000343552,10090.ENSMUSP00000043390,7227.FBpp0075610,protein C-terminal S-isoprenylcysteine carboxyl O-methyltransferase activity,ENSG00000116237,ENSMUSG00000039662,FBgn0036336,ICMT,Icmt,ste14
3BEU7,9606.ENSP00000302413,10090.ENSMUSP00000035614,7227.FBpp0302581,peptidyl-tyrosine sulfation,ENSG00000169902,ENSMUSG00000034118,FBgn0086674,TPST1,Tpst1,Tango13
3BEW8,9606.ENSP00000370745,10090.ENSMUSP00000065987,7227.FBpp0078144,DNA/RNA helicase activity,ENSG00000079785,ENSMUSG00000037149,FBgn0015075,DDX1,Ddx1,Ddx1
3BEX0,9606.ENSP00000248958,10090.ENSMUSP00000023453,7227.FBpp0078450,dolichyl-phosphate-mannose-protein mannosyltransferase activity,ENSG00000128228,ENSMUSG00000022769,FBgn0037312,SDF2L1,Sdf2l1,CG11999
3BEXY,9606.ENSP00000311984,10090.ENSMUSP00000033901,7227.FBpp0074800,ADP-dependent NAD(P)H-hydrate dehydratase activity,ENSG00000213995,ENSMUSG00000031505,FBgn0036848,NAXD,Naxd,CG10424
3BEYY,9606.ENSP00000447241,10090.ENSMUSP00000020381,7227.FBpp0304312,optic placode formation involved in camera-type eye formation,ENSG00000166225,ENSMUSG00000020170,FBgn0032042,FRS2,Frs2,CG13398
3BEZD,9606.ENSP00000264670,10090.ENSMUSP00000105321,7227.FBpp0070637,Belongs to the class I-like SAM-binding methyltransferase superfamily. RsmB NOP family,ENSG00000037474,ENSMUSG00000021595,FBgn0026079,NSUN2,Nsun2,Nsun2
3BF14,9606.ENSP00000396103,10090.ENSMUSP00000058264,7227.FBpp0302633,zinc ion binding,ENSG00000186487,ENSMUSG00000061911,FBgn0263772,MYT1L,Myt1l,CG43689
3BF2I,9606.ENSP00000435619,10090.ENSMUSP00000125300,7227.FBpp0271847,element 4 homolog A,ENSG00000255150,ENSMUSG00000040331,FBgn0032251,EID3,Nsmce4a,Nse4
3BF2U,9606.ENSP00000368801,10090.ENSMUSP00000022601,7227.FBpp0077698,proline-rich region binding,ENSG00000120688,ENSMUSG00000022023,FBgn0031287,WBP4,Wbp4,CG4291
3BF3N,9606.ENSP00000261745,10090.ENSMUSP00000038977,7227.FBpp0083238,N-terminal peptidyl-methionine acetylation,ENSG00000111300,ENSMUSG00000042719,FBgn0243511,NAA25,Naa25,psidin
3BF45,9606.ENSP00000454973,10090.ENSMUSP00000043411,7227.FBpp0080734,cyclin A-associated protein in the,ENSG00000140386,ENSMUSG00000034007,FBgn0032723,SCAPER,Scaper,ssp3
3BF5U,9606.ENSP00000381476,10090.ENSMUSP00000093914,7227.FBpp0111746,serine-type endopeptidase activity,ENSG00000186452,ENSMUSG00000045631,FBgn0003450,TMPRSS12,Tmprss12,snk
3BF9F,9606.ENSP00000227524,10090.ENSMUSP00000136858,7227.FBpp0085902,factor 19,ENSG00000110107,ENSMUSG00000024735,FBgn0261119,PRPF19,Prpf19,Prp19
3BFAB,9606.ENSP00000280346,10090.ENSMUSP00000034567,7227.FBpp0079072,dihydrolipoyllysine-residue acetyltransferase activity,ENSG00000150768,ENSMUSG00000000168,FBgn0283658,DLAT,Dlat,muc
3BFCJ,9606.ENSP00000361967,10090.ENSMUSP00000048696,7227.FBpp0077173,post-chaperonin tubulin folding pathway,ENSG00000124659,ENSMUSG00000036430,FBgn0051961,TBCC,Tbcc,TBCC
3BFCQ,9606.ENSP00000286070,10090.ENSMUSP00000040420,7227.FBpp0073089,RNA binding motif protein 45,ENSG00000155636,ENSMUSG00000042369,FBgn0035526,RBM45,Rbm45,CG1316
3BFCU,9606.ENSP00000259253,10090.ENSMUSP00000121249,7227.FBpp0074831,UDP-glucose glycoprotein glucosyltransferase,ENSG00000136731,ENSMUSG00000042104,FBgn0014075,UGGT1,Uggt2,Uggt
3BFD0,9606.ENSP00000354340,10090.ENSMUSP00000086701,7227.FBpp0086711,NEDD8 activating enzyme activity,ENSG00000144744,ENSMUSG00000030061,FBgn0263697,UBA3,Uba3,Uba3
3BFDP,9606.ENSP00000311713,10090.ENSMUSP00000099776,7227.FBpp0083057,cellular hypotonic response,ENSG00000172939,ENSMUSG00000027030,FBgn0023083,OXSR1,Stk39,fray
3BFDZ,9606.ENSP00000356746,10090.ENSMUSP00000027876,7227.FBpp0304298,ATP binding,ENSG00000000457,ENSMUSG00000026584,FBgn0027507,SCYL3,Scyl3,CG1344
3BFE7,9606.ENSP00000274695,10090.ENSMUSP00000006353,7227.FBpp0086116,tRNA (N(6)-L-threonylcarbamoyladenosine(37)-C(2))-methylthiotransferase,ENSG00000145996,ENSMUSG00000006191,FBgn0034214,CDKAL1,Cdkal1,CG6550
3BFE9,9606.ENSP00000480538,10090.ENSMUSP00000100028,7227.FBpp0071450,outer dynein arm assembly,ENSG00000122735,ENSMUSG00000061322,FBgn0034566,DNAI1,Dnaic1,CG9313
3BFEZ,9606.ENSP00000303992,10090.ENSMUSP00000032183,7227.FBpp0076485,Transmembrane protein 43,ENSG00000170876,ENSMUSG00000030095,FBgn0035825,TMEM43,Tmem43,CG8111
3BFGF,9606.ENSP00000261875,10090.ENSMUSP00000044955,7227.FBpp0080097,3-hydroxyacyl-CoA dehydratase activity,ENSG00000074696,ENSMUSG00000033629,FBgn0032524,HACD3,Hacd3,Hacd2
3BFJ9,9606.ENSP00000339449,10090.ENSMUSP00000021287,7227.FBpp0076646,"WD domain, G-beta repeat",ENSG00000166596,ENSMUSG00000020904,FBgn0035724,CFAP52,Cfap52,CG10064
3BFJQ,9606.ENSP00000225609,10090.ENSMUSP00000014389,7227.FBpp0083251,"Phosphatidylinositol glycan anchor biosynthesis, class L",ENSG00000108474,ENSMUSG00000014245,FBgn0038763,PIGL,Pigl,PIG-L
3BFQE,9606.ENSP00000369921,10090.ENSMUSP00000102796,7227.FBpp0110259,peptidase activity,ENSG00000178031,ENSMUSG00000066113,FBgn0051619,ADAMTSL1,Adamtsl1,nolo
3BFQK,9606.ENSP00000370803,10090.ENSMUSP00000102167,7227.FBpp0077044,ciliary basal body organization,ENSG00000103540,ENSMUSG00000033904,FBgn0031191,CCP110,Ccp110,Cp110
3BFQM,9606.ENSP00000366275,10090.ENSMUSP00000121317,7227.FBpp0291436,magnesium ion homeostasis,ENSG00000158158,ENSMUSG00000037408,FBgn0262124,CNNM4,Cnnm4,uex
3BFQY,9606.ENSP00000244230,10090.ENSMUSP00000032735,7227.FBpp0079305,rRNA processing,ENSG00000124383,ENSMUSG00000030521,FBgn0032051,MPHOSPH10,Mphosph10,CG13097
3BFR1,9606.ENSP00000320866,10090.ENSMUSP00000003912,7227.FBpp0081581,Calreticulin,ENSG00000179218,ENSMUSG00000003814,FBgn0005585,CALR,Calr,Calr
3BFRY,9606.ENSP00000313034,10090.ENSMUSP00000015239,7227.FBpp0078846,SCF-dependent proteasomal ubiquitin-dependent protein catabolic process,ENSG00000159069,ENSMUSG00000015095,FBgn0031773,FBXW5,Fbxw5,Fbw5
3BFS7,"9606.ENSP00000254624,9606.ENSP00000384081",10090.ENSMUSP00000106809,7227.FBpp0100147,protein localization to plasma membrane,"ENSG00000132294,ENSG00000084710",ENSMUSG00000020658,FBgn0086784,"EFR3A,EFR3B",Efr3b,stmA
3BFSU,9606.ENSP00000360994,10090.ENSMUSP00000070876,7227.FBpp0303776,metallopeptidase activity,ENSG00000138134,ENSMUSG00000006906,FBgn0039773,STAMBPL1,Stambp,CG2224
3BFSV,9606.ENSP00000292478,10090.ENSMUSP00000031628,7227.FBpp0076868,tRNA 3'-end processing,ENSG00000106246,ENSMUSG00000029624,FBgn0035591,PTCD1,Ptcd1,CG4611
3BFTZ,9606.ENSP00000376306,10090.ENSMUSP00000062049,7227.FBpp0304889,mitotic cytokinesis,ENSG00000122966,ENSMUSG00000029516,FBgn0002466,CIT,Cit,sti
3BFVW,"9606.ENSP00000396704,9606.ENSP00000411532",10090.ENSMUSP00000068896,7227.FBpp0304598,Control of topological states of DNA by transient breakage and subsequent rejoining of DNA strands. Topoisomerase II makes double-strand breaks,"ENSG00000077097,ENSG00000131747",ENSMUSG00000020914,FBgn0284220,"TOP2B,TOP2A",Top2a,Top2
3BFVZ,9606.ENSP00000261866,10090.ENSMUSP00000037543,7227.FBpp0071821,phagosome-lysosome fusion involved in apoptotic cell clearance,ENSG00000104133,ENSMUSG00000033396,FBgn0034786,SPG11,Spg11,CG13531
3BFW5,9606.ENSP00000420617,10090.ENSMUSP00000101341,"7227.FBpp0070873,7227.FBpp0083791",mitochondrial fusion,ENSG00000171109,ENSMUSG00000029020,"FBgn0029870,FBgn0011596",MFN1,Mfn2,"Marf,fzo"
3BFZG,9606.ENSP00000431391,10090.ENSMUSP00000028617,7227.FBpp0080554,negative regulation of fibroblast apoptotic process,ENSG00000166181,ENSMUSG00000027193,FBgn0027885,API5,Api5,Aac11
3BG0A,9606.ENSP00000396441,10090.ENSMUSP00000132699,7227.FBpp0085137,G patch domain-containing protein,ENSG00000160818,ENSMUSG00000028069,FBgn0039829,GPATCH4,Gpatch4,CG15561
3BG0U,9606.ENSP00000349208,"10090.ENSMUSP00000047385,10090.ENSMUSP00000083222","7227.FBpp0079754,7227.FBpp0079755,7227.FBpp0289159",Belongs to the argonaute family,ENSG00000197181,"ENSMUSG00000033644,ENSMUSG00000029423","FBgn0000146,FBgn0004872,FBgn0250816",PIWIL2,"Piwil2,Piwil1","aub,piwi,AGO3"
3BG10,9606.ENSP00000254630,10090.ENSMUSP00000080743,7227.FBpp0086872,"pentatricopeptide repeat domain-containing protein 3, mitochondrial",ENSG00000132300,ENSMUSG00000063884,FBgn0033816,PTCD3,Ptcd3,CG4679
3BG3N,9606.ENSP00000295304,10090.ENSMUSP00000098942,7227.FBpp0073508,glutathione specific gamma-glutamylcyclotransferase activity,ENSG00000143942,ENSMUSG00000020309,FBgn0030411,CHAC2,Chac2,CG2540
3BG3W,9606.ENSP00000324560,10090.ENSMUSP00000004920,7227.FBpp0289788,autophagy of host cells involved in interaction with symbiont,ENSG00000177169,ENSMUSG00000004798,FBgn0260945,ULK1,Ulk2,Atg1
3BG4D,9606.ENSP00000280605,"10090.ENSMUSP00000002025,10090.ENSMUSP00000022529","7227.FBpp0074898,7227.FBpp0081370",Transketolase,ENSG00000151005,"ENSMUSG00000025519,ENSMUSG00000021957","FBgn0036784,FBgn0037607",TKTL2,"Tktl2,Tkt","CG5103,CG8036"
3BG4Q,9606.ENSP00000359049,10090.ENSMUSP00000054829,7227.FBpp0087092,O-methyltransferase activity,ENSG00000162639,ENSMUSG00000045662,FBgn0033686,HENMT1,Henmt1,Hen1
3BG60,9606.ENSP00000212015,10090.ENSMUSP00000101082,7227.FBpp0080015,regulation of cellular response to testosterone stimulus,ENSG00000096717,ENSMUSG00000020063,FBgn0024291,SIRT1,Sirt1,Sirt1
3BG6D,9606.ENSP00000319673,10090.ENSMUSP00000029738,7227.FBpp0086535,voltage-gated anion channel activity,ENSG00000117262,ENSMUSG00000028096,FBgn0033995,GPR89A,Gpr89,GPHR
3BGAA,9606.ENSP00000297440,10090.ENSMUSP00000026975,7227.FBpp0082402,HEAT repeat-containing protein 2,ENSG00000164818,ENSMUSG00000025857,FBgn0051320,DNAAF5,Dnaaf5,HEATR2
3BGBH,9606.ENSP00000406052,10090.ENSMUSP00000137298,7227.FBpp0086689,P granule organization,ENSG00000162782,ENSMUSG00000060985,FBgn0033921,TDRD5,Tdrd5,tej
3BGCC,9606.ENSP00000340330,10090.ENSMUSP00000109271,7227.FBpp0070636,Belongs to the MYST (SAS MOZ) family,ENSG00000172977,ENSMUSG00000024926,FBgn0026080,KAT5,Kat5,Tip60
3BGEG,9606.ENSP00000290231,10090.ENSMUSP00000046388,7227.FBpp0076546,nuclear receptor coactivator 5,ENSG00000124160,ENSMUSG00000039804,FBgn0024542,NCOA5,Ncoa5,Neos
3BGG5,9606.ENSP00000318085,10090.ENSMUSP00000034629,7227.FBpp0070111,regulation of transcription involved in G1/S transition of mitotic cell cycle,ENSG00000172273,ENSMUSG00000032119,FBgn0025635,HINFP,Hinfp,CG17829
3BGIZ,9606.ENSP00000364270,10090.ENSMUSP00000030013,7227.FBpp0070638,nucleotide-excision repair involved in interstrand cross-link repair,ENSG00000136936,ENSMUSG00000028329,FBgn0004832,XPA,Xpa,Xpac
3BGM4,9606.ENSP00000359507,10090.ENSMUSP00000107678,7227.FBpp0292328,copper ion homeostasis,ENSG00000119929,ENSMUSG00000025193,FBgn0038332,CUTC,Cutc,CG6136
3BGMT,9606.ENSP00000401023,10090.ENSMUSP00000128387,7227.FBpp0075916,Ubiquitin-protein ligase,ENSG00000165338,ENSMUSG00000041180,FBgn0061469,HECTD2,Hectd2,Ube3a
3BGP9,9606.ENSP00000199814,10090.ENSMUSP00000025506,7227.FBpp0078624,U6 snRNA binding,ENSG00000086589,ENSMUSG00000024604,FBgn0037220,RBM22,Rbm22,CG14641
3BGT7,"9606.ENSP00000280706,9606.ENSP00000302393","10090.ENSMUSP00000032373,10090.ENSMUSP00000103267","7227.FBpp0297097,7227.FBpp0304375",belongs to the LDH MDH superfamily,"ENSG00000166800,ENSG00000171989","ENSMUSG00000030246,ENSMUSG00000063229","FBgn0033856,FBgn0001258","LDHAL6A,LDHAL6B","Ldhb,Ldha","CG13334,Ldh"
3BGTI,9606.ENSP00000417653,10090.ENSMUSP00000020769,7227.FBpp0075561,podosome assembly,ENSG00000136279,ENSMUSG00000020476,FBgn0036372,DBNL,Dbnl,Abp1
3BGU1,9606.ENSP00000438886,10090.ENSMUSP00000099441,7227.FBpp0071478,CDK5 regulatory subunit associated protein 3,ENSG00000108465,ENSMUSG00000018669,FBgn0050291,CDK5RAP3,Cdk5rap3,CG30291
3BGUB,9606.ENSP00000355587,10090.ENSMUSP00000034313,7227.FBpp0077982,"nucleotide phosphatase activity, acting on free nucleotides",ENSG00000135778,ENSMUSG00000031851,FBgn0037046,NTPCR,Ntpcr,CG10581
3BGUQ,9606.ENSP00000230449,10090.ENSMUSP00000100010,7227.FBpp0077208,exocyst complex component 2,ENSG00000112685,ENSMUSG00000021357,FBgn0266670,EXOC2,Exoc2,Sec5
3BGYQ,9606.ENSP00000354830,10090.ENSMUSP00000058896,"7227.FBpp0075899,7227.FBpp0304225",negative regulation of signal transduction,ENSG00000145358,ENSMUSG00000046818,"FBgn0041094,FBgn0036165",DDIT4L,Ddit4l,"scyl,chrb"
3BGZ3,9606.ENSP00000351990,10090.ENSMUSP00000034349,7227.FBpp0075938,NEDD8 activating enzyme activity,ENSG00000159593,ENSMUSG00000031878,FBgn0261112,NAE1,Nae1,APP-BP1
3BH04,9606.ENSP00000306999,10090.ENSMUSP00000025142,7227.FBpp0076592,post-translational protein acetylation,ENSG00000171320,ENSMUSG00000024293,FBgn0035766,ESCO2,Esco1,eco
3BH0I,9606.ENSP00000270225,10090.ENSMUSP00000092409,7227.FBpp0082065,enzyme subunit 1,ENSG00000142230,ENSMUSG00000052833,FBgn0029512,SAE1,Sae1,Aos1
3BH3T,9606.ENSP00000362656,10090.ENSMUSP00000037735,7227.FBpp0086786,GRIP domain,ENSG00000136935,ENSMUSG00000026754,FBgn0086757,GOLGA1,Golga1,cbs
3BH42,9606.ENSP00000262577,10090.ENSMUSP00000098106,7227.FBpp0076380,Zinc finger CCCH domain-containing protein,ENSG00000014164,ENSMUSG00000075600,FBgn0035900,ZC3H3,Zc3h3,ZC3H3
3BH4R,9606.ENSP00000382717,10090.ENSMUSP00000038098,7227.FBpp0085689,WD repeat domain 19,ENSG00000157796,ENSMUSG00000037890,FBgn0034452,WDR19,Wdr19,Oseg6
3BH4Z,9606.ENSP00000372326,10090.ENSMUSP00000025484,7227.FBpp0085208,Catalyzes the ferrous insertion into protoporphyrin IX,ENSG00000066926,ENSMUSG00000024588,FBgn0266268,FECH,Fech,FeCH
3BH7N,9606.ENSP00000313050,10090.ENSMUSP00000083211,7227.FBpp0074034,Nipsnap homolog,ENSG00000146729,ENSMUSG00000029432,FBgn0030724,NIPSNAP2,Nipsnap2,Nipsnap
3BH8C,9606.ENSP00000363250,10090.ENSMUSP00000030661,7227.FBpp0075595,GTPase activity,ENSG00000142751,ENSMUSG00000028848,FBgn0036356,GPN2,Gpn2,CG10222
3BH8H,9606.ENSP00000341597,10090.ENSMUSP00000104478,7227.FBpp0082626,Protein of unknown function (DUF719),ENSG00000055147,ENSMUSG00000020523,FBgn0038360,FAM114A2,Fam114a2,CG9590
3BH8R,9606.ENSP00000309163,10090.ENSMUSP00000025823,7227.FBpp0076791,CAAX-box protein maturation,ENSG00000173653,ENSMUSG00000024889,FBgn0029121,RCE1,Rce1,Sras
3BHFB,9606.ENSP00000296266,10090.ENSMUSP00000045468,7227.FBpp0076386,intraciliary retrograde transport,ENSG00000163913,ENSMUSG00000030323,FBgn0265102,IFT122,Ift122,Oseg1
3BHFE,9606.ENSP00000284061,10090.ENSMUSP00000103526,7227.FBpp0086966,diacylglycerol kinase activity,ENSG00000153933,ENSMUSG00000000276,FBgn0020930,DGKE,Dgke,Dgkepsilon
3BHI6,9606.ENSP00000363329,10090.ENSMUSP00000081574,"7227.FBpp0085111,7227.FBpp0300818",High affinity copper uptake protein,ENSG00000136868,ENSMUSG00000066150,"FBgn0062411,FBgn0062413",SLC31A1,Slc31a1,"Ctr1C,Ctr1A"
3BHJA,9606.ENSP00000376440,10090.ENSMUSP00000036177,7227.FBpp0074847,intra-S DNA damage checkpoint,ENSG00000151164,ENSMUSG00000038569,FBgn0025807,RAD9B,Rad9b,Rad9
3BHJV,9606.ENSP00000403293,10090.ENSMUSP00000054125,7227.FBpp0078970,F-box only protein 43,ENSG00000156509,ENSMUSG00000048230,FBgn0017551,FBXO43,Fbxo43,Rca1
3BHM7,9606.ENSP00000296509,10090.ENSMUSP00000098897,7227.FBpp0076819,mitotic spindle assembly checkpoint,ENSG00000164109,ENSMUSG00000029910,FBgn0035640,MAD2L1,Mad2l1,mad2
3BHQZ,9606.ENSP00000444850,10090.ENSMUSP00000031355,7227.FBpp0071045,Golgi vesicle docking,ENSG00000138768,ENSMUSG00000029407,FBgn0040087,USO1,Uso1,p115
3BHS2,9606.ENSP00000293845,10090.ENSMUSP00000114381,"7227.FBpp0080737,7227.FBpp0080766",Coiled-coil domain-containing protein,ENSG00000161973,ENSMUSG00000045915,"FBgn0032769,FBgn0032768",CCDC42,Ccdc42,"CG10750,CG17564"
3BHV3,9606.ENSP00000364320,10090.ENSMUSP00000099561,7227.FBpp0087511,ribosomal large subunit assembly,ENSG00000053372,ENSMUSG00000028741,FBgn0033485,MRTO4,Mrto4,RpLP0-like
3BHVZ,9606.ENSP00000025008,10090.ENSMUSP00000027040,7227.FBpp0078365,reticulophagy,ENSG00000023287,ENSMUSG00000025907,FBgn0037363,RB1CC1,Rb1cc1,Atg17
3BHX9,9606.ENSP00000221114,10090.ENSMUSP00000033913,7227.FBpp0080701,Dynactin subunit 6,ENSG00000104671,ENSMUSG00000031516,FBgn0086446,DCTN6,Dctn6,DCTN6-p27
3BHY4,9606.ENSP00000433681,10090.ENSMUSP00000072871,7227.FBpp0078730,meiotic chromosome condensation,ENSG00000151503,ENSMUSG00000035024,FBgn0051989,NCAPD3,Ncapd3,Cap-D3
3BHYU,9606.ENSP00000458290,10090.ENSMUSP00000127142,7227.FBpp0111793,Belongs to the MT-A70-like family,ENSG00000101574,ENSMUSG00000055660,FBgn0015351,METTL4,Mettl4,CG14906
3BI22,9606.ENSP00000413575,10090.ENSMUSP00000003720,7227.FBpp0084605,carnitine O-octanoyltransferase,ENSG00000005469,ENSMUSG00000003623,FBgn0039543,CROT,Crot,CG12428
3BI5Q,9606.ENSP00000300128,10090.ENSMUSP00000045988,7227.FBpp0074150,NEMP family,ENSG00000166881,ENSMUSG00000040195,FBgn0030768,NEMP1,Nemp1,CG9723
3BI6Q,9606.ENSP00000296503,10090.ENSMUSP00000065940,7227.FBpp0288398,high mobility group,ENSG00000164104,ENSMUSG00000054717,FBgn0278608,HMGB2,Hmgb2,Dsp1
3BIB5,9606.ENSP00000233078,10090.ENSMUSP00000089958,7227.FBpp0297875,poly(G) binding,ENSG00000071626,ENSMUSG00000069565,FBgn0004838,DAZAP1,Dazap1,Hrb27C
3BIBY,9606.ENSP00000401399,10090.ENSMUSP00000035092,7227.FBpp0305215,myeloid differentiation primary response protein MyD88,ENSG00000172936,ENSMUSG00000032508,FBgn0033402,MYD88,Myd88,Myd88
3BICJ,9606.ENSP00000436318,10090.ENSMUSP00000035486,7227.FBpp0290166,superoxide dismutase copper chaperone activity,ENSG00000173992,ENSMUSG00000034108,FBgn0010531,CCS,Ccs,Ccs
3BIEG,9606.ENSP00000374332,10090.ENSMUSP00000027623,7227.FBpp0087398,single-stranded DNA binding,ENSG00000211460,ENSMUSG00000026374,FBgn0033528,TSN,Tsn,trsn
3BIEV,9606.ENSP00000328694,10090.ENSMUSP00000081455,7227.FBpp0088371,cellular developmental process,ENSG00000182208,ENSMUSG00000025147,FBgn0259481,MOB2,Mob2,Mob2
3BIFS,9606.ENSP00000265748,10090.ENSMUSP00000045873,7227.FBpp0087986,septin ring organization,ENSG00000011426,ENSMUSG00000036777,FBgn0261385,ANLN,Anln,scra
3BIH1,9606.ENSP00000442373,10090.ENSMUSP00000036471,7227.FBpp0300572,Belongs to the DHHC palmitoyltransferase family,ENSG00000206077,ENSMUSG00000039199,FBgn0031239,ZDHHC11B,Zdhhc1,CG17075
3BIH6,9606.ENSP00000321449,10090.ENSMUSP00000018184,7227.FBpp0078856,ribosomal small subunit assembly,ENSG00000189306,ENSMUSG00000018040,FBgn0031764,RRP7A,Rrp7a,CG9107
3BISX,9606.ENSP00000377060,10090.ENSMUSP00000091475,"7227.FBpp0071221,7227.FBpp0079251,7227.FBpp0083702",positive regulation of extent of heterochromatin assembly,ENSG00000108468,ENSMUSG00000018666,"FBgn0030082,FBgn0003607,FBgn0039019",CBX1,Cbx1,"HP1b,Su(var)205,HP1c"
3BIVM,9606.ENSP00000380514,10090.ENSMUSP00000113051,7227.FBpp0077912,hydroxyacylglutathione hydrolase activity,ENSG00000063854,ENSMUSG00000024158,FBgn0037024,HAGH,Hagh,tzn
3BIYC,9606.ENSP00000336752,10090.ENSMUSP00000109164,7227.FBpp0078568,pre-mRNA cleavage required for polyadenylation,ENSG00000145216,ENSMUSG00000029227,FBgn0037255,FIP1L1,Fip1l1,Fip1
3BIZ5,9606.ENSP00000354964,10090.ENSMUSP00000109109,7227.FBpp0078595,Zinc finger protein 318,ENSG00000171467,ENSMUSG00000015597,FBgn0027866,ZNF318,Zfp318,CG9776
3BJ02,9606.ENSP00000300651,10090.ENSMUSP00000103169,7227.FBpp0078118,thyroid hormone mediated signaling pathway,ENSG00000125686,ENSMUSG00000018160,FBgn0037109,MED1,Med1,MED1
3BJ08,9606.ENSP00000313829,10090.ENSMUSP00000066516,"7227.FBpp0071754,7227.FBpp0297358",poly(U) RNA binding,ENSG00000121774,ENSMUSG00000028790,"FBgn0022986,FBgn0022987",KHDRBS1,Khdrbs1,"qkr58E-1,qkr54B"
3BJ09,9606.ENSP00000336750,10090.ENSMUSP00000067337,7227.FBpp0074239,histone H3 acetylation,ENSG00000119760,ENSMUSG00000053134,FBgn0030874,SUPT7L,Supt7l,Spt7
3BJ5H,9606.ENSP00000336790,10090.ENSMUSP00000105234,7227.FBpp0081040,response to manganese-induced endoplasmic reticulum stress,ENSG00000128272,ENSMUSG00000042406,FBgn0000370,ATF4,Atf4,crc
3BJ6N,9606.ENSP00000215941,10090.ENSMUSP00000047042,7227.FBpp0076095,ankyrin repeat,ENSG00000100124,ENSMUSG00000033055,FBgn0036052,ANKRD54,Ankrd54,CG10809
3BJA5,9606.ENSP00000323879,10090.ENSMUSP00000078795,7227.FBpp0071001,zinc and ring finger,ENSG00000180233,ENSMUSG00000058446,FBgn0029911,ZNRF2,Znrf2,CG14435
3BJAU,9606.ENSP00000323275,10090.ENSMUSP00000034734,7227.FBpp0079814,inner dynein arm assembly,ENSG00000256061,ENSMUSG00000092192,FBgn0032345,DNAAF4,Dnaaf4,CG14921
3BJD5,9606.ENSP00000308897,10090.ENSMUSP00000025836,7227.FBpp0082412,ribosomal large subunit assembly,ENSG00000174547,ENSMUSG00000024902,FBgn0038234,MRPL11,Mrpl11,mRpL11
3BJFY,9606.ENSP00000209873,10090.ENSMUSP00000044604,"7227.FBpp0071254,7227.FBpp0290898",nuclear transport,ENSG00000094914,ENSMUSG00000036678,"FBgn0030122,FBgn0032188",AAAS,Aaas,"Aladin,CG13137"
3BJGE,9606.ENSP00000306788,10090.ENSMUSP00000032888,7227.FBpp0082786,positive regulation of L-glutamate import across plasma membrane,ENSG00000170540,ENSMUSG00000030654,FBgn0038453,ARL6IP1,Arl6ip1,Arl6IP1
3BJJZ,9606.ENSP00000415056,10090.ENSMUSP00000054980,7227.FBpp0075607,piRNA metabolic process,ENSG00000178997,ENSMUSG00000048647,FBgn0036330,EXD1,Exd1,CG11263
3BJKJ,9606.ENSP00000386894,10090.ENSMUSP00000038256,7227.FBpp0076555,pre-mRNA intronic pyrimidine-rich binding,ENSG00000173933,ENSMUSG00000033760,FBgn0011640,RBM4,Rbm4b,lark
3BJRT,9606.ENSP00000224140,10090.ENSMUSP00000051492,7227.FBpp0271875,"regulation of termination of RNA polymerase II transcription, poly(A)-coupled",ENSG00000107290,ENSMUSG00000043535,FBgn0035842,SETX,Setx,CG7504
3BJSZ,9606.ENSP00000366934,10090.ENSMUSP00000099486,7227.FBpp0086393,"cleavage in ITS2 between 5.8S rRNA and LSU-rRNA of tricistronic rRNA transcript (SSU-rRNA, 5.8S rRNA, LSU-rRNA)",ENSG00000162408,ENSMUSG00000028948,FBgn0034073,NOL9,Nol9,CG8414
3BJWB,9606.ENSP00000246535,10090.ENSMUSP00000002710,7227.FBpp0082103,cell cycle,ENSG00000126249,ENSMUSG00000002635,FBgn0038055,PDCD2L,Pdcd2l,trus
3BK2T,9606.ENSP00000380679,10090.ENSMUSP00000039463,7227.FBpp0112753,epithelial cilium movement involved in determination of left/right asymmetry,ENSG00000141519,ENSMUSG00000039963,FBgn0262123,CCDC40,Ccdc40,l(2)41Ab
3BK4D,9606.ENSP00000403396,10090.ENSMUSP00000030849,7227.FBpp0086043,myelination,ENSG00000122591,ENSMUSG00000028995,FBgn0034269,FAM126A,Fam126a,CG6406
3BKD1,9606.ENSP00000312599,10090.ENSMUSP00000135483,7227.FBpp0076533,mitochondrial proton-transporting ATP synthase complex assembly,ENSG00000175606,ENSMUSG00000025940,FBgn0035805,TMEM70,Tmem70,CG7506
3BKJJ,9606.ENSP00000301391,10090.ENSMUSP00000078623,7227.FBpp0071240,heme binding,ENSG00000167740,ENSMUSG00000057778,FBgn0030099,CYB5D2,Cyb5d2,CG12056
3BKPC,9606.ENSP00000357051,10090.ENSMUSP00000075289,7227.FBpp0079908,peroxisome membrane targeting sequence binding,ENSG00000162735,ENSMUSG00000003464,FBgn0032407,PEX19,Pex19,Pex19
3BKPP,9606.ENSP00000432799,10090.ENSMUSP00000124562,7227.FBpp0082735,"synaptic transmission, dopaminergic",ENSG00000145050,ENSMUSG00000032575,FBgn0027095,MANF,Manf,Manf
3BMB9,9606.ENSP00000355251,10090.ENSMUSP00000129154,7227.FBpp0087589,nucleic acid binding,ENSG00000198546,ENSMUSG00000025470,FBgn0016970,ZNF511,Zfp511,l(2)k10201
3BPB4,9606.ENSP00000483521,10090.ENSMUSP00000033910,7227.FBpp0304283,leptin receptor,ENSG00000213625,ENSMUSG00000031513,FBgn0050423,LEPROT,Leprotl1,CG30423
3BPBI,9606.ENSP00000273986,10090.ENSMUSP00000043559,7227.FBpp0084774,"2 iron, 2 sulfur cluster binding",ENSG00000145354,ENSMUSG00000037710,FBgn0062442,CISD2,Cisd1,Cisd2
3BPC4,9606.ENSP00000296417,10090.ENSMUSP00000036907,7227.FBpp0084434,protein heterodimerization activity,ENSG00000164032,ENSMUSG00000037894,FBgn0001197,H2AFZ,H2afz,His2Av
3BPFE,9606.ENSP00000255764,10090.ENSMUSP00000022089,7227.FBpp0305737,cardiac jelly development,ENSG00000133398,ENSMUSG00000021598,FBgn0036581,MED10,Med10,MED10
3BPIG,9606.ENSP00000384966,10090.ENSMUSP00000118779,7227.FBpp0085545,protein processing involved in protein targeting to mitochondrion,ENSG00000184903,ENSMUSG00000056899,FBgn0034535,IMMP2L,Immp2l,CG11110
3BPPH,9606.ENSP00000291458,10090.ENSMUSP00000125874,7227.FBpp0074649,Caffeine-induced death protein 2,ENSG00000160124,ENSMUSG00000075229,FBgn0036909,CCDC58,Ccdc58,Ccdc58
3BQB6,9606.ENSP00000339844,10090.ENSMUSP00000095322,7227.FBpp0071993,structural constituent of ribosome,ENSG00000055950,ENSMUSG00000025208,FBgn0034893,MRPL43,Mrpl43,mRpL43
3BQCK,9606.ENSP00000451080,10090.ENSMUSP00000043341,7227.FBpp0071210,positive regulation of Notch signaling pathway,ENSG00000100632,ENSMUSG00000037910,FBgn0011586,ERH,1700018B24Rik,e(r)
3BQD6,9606.ENSP00000216225,10090.ENSMUSP00000023036,7227.FBpp0300874,NEDD8 transferase activity,ENSG00000100387,ENSMUSG00000022400,FBgn0025638,RBX1,Rbx1,Roc1a
3BQDT,9606.ENSP00000403910,10090.ENSMUSP00000083115,7227.FBpp0302832,mitochondrial respiratory chain complex I assembly,ENSG00000105341,ENSMUSG00000057229,FBgn0037018,DMAC2,Dmac2,CG4042
3BQJK,9606.ENSP00000342832,10090.ENSMUSP00000039760,7227.FBpp0305119,metal ion binding,ENSG00000100027,ENSMUSG00000022773,FBgn0030183,YPEL1,Ypel1,CG15309
3BQQX,9606.ENSP00000225969,10090.ENSMUSP00000025278,7227.FBpp0077141,structural constituent of ribosome,ENSG00000108826,ENSMUSG00000024414,FBgn0053002,MRPL27,Mrpl27,mRpL27
3BRBE,9606.ENSP00000306362,10090.ENSMUSP00000038781,7227.FBpp0085195,post-chaperonin tubulin folding pathway,ENSG00000171530,ENSMUSG00000042043,FBgn0039869,TBCA,Tbca,CG1890
3BRFU,9606.ENSP00000412894,10090.ENSMUSP00000023924,7227.FBpp0084928,tRNA 5'-leader removal,ENSG00000163684,ENSMUSG00000023156,FBgn0039744,RPP14,Rpp14,CG15526
3BRHB,9606.ENSP00000405965,10090.ENSMUSP00000115044,7227.FBpp0078984,Small ubiquitin-related modifier,ENSG00000188612,ENSMUSG00000020738,FBgn0264922,SUMO2,Sumo2,smt3
3BRS6,9606.ENSP00000359398,10090.ENSMUSP00000078042,7227.FBpp0075932,Biogenesis of lysosome-related organelles,ENSG00000196072,ENSMUSG00000057506,FBgn0036118,BLOC1S2,Bloc1s2,Blos2
3BSNY,9606.ENSP00000364976,10090.ENSMUSP00000075250,"7227.FBpp0079399,7227.FBpp0293882",cyclin-dependent protein serine/threonine kinase activator activity,ENSG00000123975,ENSMUSG00000062248,"FBgn0010314,FBgn0037613",CKS2,Cks2,"Cks30A,Cks85A"
3BSPY,9606.ENSP00000244520,10090.ENSMUSP00000063976,7227.FBpp0083134,pre-mRNA 5'-splice site binding,ENSG00000124562,ENSMUSG00000024217,FBgn0261792,SNRPC,Snrpc,snRNP-U1-C
3BT5X,9606.ENSP00000306425,10090.ENSMUSP00000041196,7227.FBpp0077904,mitochondrial respiratory chain complex assembly,ENSG00000170791,ENSMUSG00000042198,FBgn0040634,CHCHD7,Chchd7,CG4186
3BT8J,9606.ENSP00000238618,10090.ENSMUSP00000008966,"7227.FBpp0082628,7227.FBpp0290228","Acylphosphatase 1, erythrocyte (common) type",ENSG00000119640,ENSMUSG00000008822,"FBgn0038363,FBgn0085190",ACYP1,Acyp1,"Acyp2,CG34161"
3BT8M,9606.ENSP00000467266,10090.ENSMUSP00000064988,7227.FBpp0074584,"oxidoreductase activity, acting on a heme group of donors, oxygen as acceptor",ENSG00000160471,ENSMUSG00000051811,FBgn0031066,COX6B2,Cox6b2,COX6B
3BTJR,9606.ENSP00000230895,10090.ENSMUSP00000047186,7227.FBpp0087252,death-associated protein,ENSG00000112977,ENSMUSG00000039168,FBgn0033624,DAP,Dap,CG12384
3BUE8,9606.ENSP00000301633,10090.ENSMUSP00000079124,7227.FBpp0082849,inhibition of cysteine-type endopeptidase activity involved in apoptotic process,ENSG00000089685,ENSMUSG00000017716,FBgn0264291,BIRC5,Birc5,Det
3BUGP,9606.ENSP00000331849,10090.ENSMUSP00000039951,7227.FBpp0071462,mitochondrial translation,ENSG00000183617,ENSMUSG00000034932,FBgn0034579,MRPL54,Mrpl54,mRpL54
3C0TF,9606.ENSP00000309198,10090.ENSMUSP00000045998,7227.FBpp0072169,ubiquitin-protein transferase activity,ENSG00000009335,ENSMUSG00000039000,FBgn0034989,UBE3C,Ube3c,CG3356
3CNW0,9606.ENSP00000339787,"10090.ENSMUSP00000033634,10090.ENSMUSP00000045291",7227.FBpp0305216,Acyl-CoA synthetase long-chain family member,ENSG00000068366,"ENSMUSG00000031278,ENSMUSG00000032883",FBgn0263120,ACSL4,"Acsl4,Acsl3",Acsl
3CNZE,9606.ENSP00000296526,10090.ENSMUSP00000027020,"7227.FBpp0076691,7227.FBpp0303372",AMPA glutamate receptor activity,ENSG00000120251,ENSMUSG00000025892,"FBgn0004619,FBgn0264000",GRIA2,Gria4,"GluRIA,GluRIB"
3CR3W,9606.ENSP00000225729,10090.ENSMUSP00000018568,7227.FBpp0083213,GTP binding,ENSG00000108591,ENSMUSG00000020537,FBgn0038723,DRG2,Drg2,CG6195
3CR44,9606.ENSP00000393583,10090.ENSMUSP00000101834,7227.FBpp0301614,intraciliary transport involved in cilium assembly,ENSG00000141577,ENSMUSG00000039781,FBgn0033447,CEP131,Cep131,dila
