,logFC,logCPM,LR,PValue,FDR
FBgn0037217,-2.41646007361695,1.84697302729709,21.7301415199801,3.13821567779124e-06,5.30819514409334e-05
FBgn0051516,-3.9638334870476495,4.8728806928880095,139.804012704473,2.9381356463159196e-32,4.494088337872079e-29
FBgn0037265,-2.0864962852487703,2.9594563474956,25.767319089960104,3.85155228816276e-07,8.29749906425727e-06
FBgn0027570,-2.02641926973274,4.935463437845571,61.4454429762782,4.55182617827752e-15,5.871855769978e-13
FBgn0037323,-2.5824906955586697,0.0351019168349815,9.689955713931711,0.0018527800530409103,0.0133059654383948
FBgn0010051,-1.65230278433496,2.7413828153638797,18.3943886037943,1.79586068453715e-05,0.00025434233266321697
FBgn0037341,-1.7094002894408,4.04355526280377,31.906411774799498,1.61782248235653e-08,4.97759348235383e-07
FBgn0044823,-1.09738539781818,4.82304222954825,25.0877270521676,5.478040448912829e-07,1.1344947598938e-05
FBgn0037430,-3.60270151747131,0.782614565178313,22.4889668822194,2.11354070798031e-06,3.7466358212492e-05
FBgn0037431,-2.3688666712832798,5.3447107214860194,128.459424661256,8.904920451347239e-30,9.53449832725749e-27
FBgn0037433,-1.3731267483817,4.25131227091176,19.705141023018,9.03579545553136e-06,0.000138406669445457
FBgn0037440,-1.17453671244292,2.50828107254711,8.810536422134462,0.00299495970919882,0.0197700577104758
FBgn0037465,-1.2573960282337902,3.79976853472879,18.1711814954964,2.0191112756128602e-05,0.000280761356207623
FBgn0015576,-2.3769334949876804,3.74136456303266,38.169455999047706,6.48597868525642e-10,2.94260058402714e-08
FBgn0015575,-2.2791874376741803,1.7308892472512099,18.189305370676,1.9999875174557298e-05,0.000279189913290723
FBgn0037513,-3.1575075136935498,4.10671172283166,89.1123866537624,3.73008111181071e-21,1.10938829067104e-18
FBgn0037519,-1.63978328279747,2.11049935430974,11.042219711061401,0.0008906016443669641,0.00725146144960995
FBgn0037520,-1.8750157526132398,3.90113520395562,33.1981142909498,8.32312071158929e-09,2.8201156157907097e-07
FBgn0037551,-1.0598530998631701,3.2296124877771004,9.829708627628039,0.0017171554831339698,0.0125756386853046
FBgn0037560,-1.61455107055749,1.51620427633064,8.568876124855809,0.00341958175214546,0.0218927650988815
FBgn0003129,-2.3627036892329403,1.9988584154267401,23.6654443140519,1.14622309645174e-06,2.17449945275354e-05
FBgn0037577,-2.07577336878297,1.95470098481287,16.225772363152497,5.622400395300339e-05,0.000687203664754346
FBgn0264790,-2.7303098317835497,0.7945433760686031,15.7694499590669,7.154854538797729e-05,0.000849301857504515
FBgn0051100,-1.30910958491768,4.5402751385462405,28.9832396236123,7.300723797389389e-08,1.8745527505671001e-06
FBgn0037680,-1.33997883046108,2.80257324109344,12.631054979502098,0.000379391006432302,0.0035570398475224603
FBgn0037686,-1.19120316128829,5.29628218154086,33.3267018214543,7.79055715959222e-09,2.68210596487954e-07
FBgn0014380,-1.31683846582862,3.36512865206227,15.6610682127241,7.57678495458631e-05,0.0008944281864250891
FBgn0037721,-1.81128952364706,2.32270706082911,17.3724778178318,3.07242900689572e-05,0.00040814512874482004
FBgn0002868,-4.02497661222721,8.59446618375306,122.77442437857799,1.56239395555499e-28,1.1948965772948101e-25
FBgn0037796,-2.15556329085761,4.6368846649446605,58.284919854954005,2.26775754830473e-14,2.38047843820576e-12
FBgn0004575,-1.9482186176051297,0.32544330799978005,6.99113124393718,0.00819145658605803,0.0439408445225067
FBgn0024957,-1.07491049015476,3.9814362387504,13.321730473891401,0.000262347951958658,0.00259608088874431
FBgn0261053,-1.46867671117768,2.88687139826576,10.4380316416195,0.00123446756627565,0.00958480364910321
FBgn0037845,-3.20920140038373,1.6719612283470402,29.6608647099861,5.14633744538562e-08,1.36729119175543e-06
FBgn0020910,-1.11377219506685,6.67949302396942,41.7548721485657,1.03464106129151e-10,5.623300428044761e-09
FBgn0037879,-1.6627134266616599,10.9516981520861,198.09467306911802,5.44034702857714e-45,1.9416598544991797e-41
FBgn0037888,-1.6475359863232901,9.0887366701707,188.71356716978698,6.069269682073809e-43,1.62459176214911e-39
FBgn0037889,-1.70494241098836,10.000001615580802,222.269823878903,2.8926001481145e-50,3.0971069785862004e-46
FBgn0263316,-1.30225536805813,2.2839182936287203,8.43468075123439,0.0036813150622979,0.0232076330889647
FBgn0037930,-1.05220986598489,2.61862221671296,7.52357065075965,0.00608968536868209,0.0348488836143662
FBgn0037934,-1.46976878839652,3.19216883338861,12.0374058662858,0.000521434888679825,0.00462001776233062
FBgn0037936,-2.21960572640569,1.31633610065205,13.8859227942311,0.000194247947226946,0.00198834872940622
FBgn0051116,-1.44317703259628,1.9481615300269601,8.97650649356856,0.0027347301189276,0.0182434612980423
FBgn0037956,-1.27593863605909,2.79728429886004,10.267015978277401,0.0013542966986972,0.0103353205651824
FBgn0013275,-3.01691187664128,3.00499350402671,59.221725359335004,1.40869960409273e-14,1.6045687937256299e-12
FBgn0013276,-2.22380917314147,3.4901861278799804,45.813974826776196,1.30032582170729e-11,8.287255102988099e-10
FBgn0260745,-2.79530367388088,7.554721838257691,40.0953774236091,2.4186063740750996e-10,1.1933649054019399e-08
FBgn0037989,-1.6336928146361003,4.86117239180445,29.1754906486379,6.61102154301733e-08,1.71806329274482e-06
FBgn0038037,-1.1596157249294,2.93885712618023,9.65127653123582,0.0018922004558796102,0.0135426405622346
FBgn0013277,-3.32557207465507,2.5371288090984803,53.898676938616,2.11099806795835e-13,1.8081965050903998e-11
FBgn0052865,-5.06581061145785,1.36632892847399,29.770674278197998,4.86292572531471e-08,1.3016836435236201e-06
FBgn0051354,-2.98961400546911,1.9755498531440299,31.455040815636202,2.04112026193983e-08,6.1388411923005e-07
FBgn0013278,-3.01247486267253,3.64190197055529,73.35722125784099,1.0818561739889199e-17,2.2275834720960397e-15
FBgn0013279,-2.8605282745785403,2.9920869581947596,48.0477624717509,4.15962033921917e-12,2.9109186256222e-10
FBgn0040551,-1.38454364972779,2.51278712461312,7.499876494996151,0.00617032245157687,0.0351621514853336
FBgn0038149,-1.28716482503628,5.111882555206329,36.9890666124176,1.1879350289549199e-09,5.00756706890564e-08
FBgn0085412,-1.2804446370892801,2.37092904934598,9.29638385150932,0.00229606630935497,0.0157902054806581
FBgn0051313,-1.9307649867984298,2.68302876457183,22.011053701732802,2.71084749264131e-06,4.68145872640492e-05
FBgn0038243,-2.37256673187267,0.624294577689719,11.985518568350699,0.0005361557005231389,0.004732579625310179
FBgn0038279,-3.2808497322678103,2.1558357893321003,25.259486638869,5.011248082659e-07,1.04795768009824e-05
FBgn0261859,-1.24806137926733,3.55458805134687,15.2286962923078,9.52450775009383e-05,0.00108719514371274
FBgn0266064,-1.2953447347908402,3.76493681234185,18.5485846163713,1.65628168584986e-05,0.00023740037497181298
FBgn0003721,-1.25502252893214,6.27536948589301,58.395154137383,2.14418493575742e-14,2.27304832744106e-12
FBgn0000533,-2.45179453801362,0.583018606597805,11.9761411456528,0.0005388605707467639,0.00474862562221037
FBgn0038337,-1.46217691233445,1.34794829824271,6.76785092112631,0.00928145338309962,0.0480311848104628
FBgn0051296,-1.1597658492407,5.507673047412441,36.517219411431206,1.51323523268212e-09,6.2799262156308e-08
FBgn0038349,-1.1393994070039,6.171264609021749,29.3769995893053,5.95805982988728e-08,1.55972974568712e-06
FBgn0038353,-1.88534820150394,5.80520211267653,50.3202670859408,1.30593825769364e-12,1.01690193011192e-10
FBgn0038395,-3.08484031958012,10.3761265060456,40.6414557961293,1.8288517804871e-10,9.280339342974129e-09
FBgn0063649,-2.02787326429387,2.67706135799068,16.6747917696771,4.43666501859985e-05,0.000561489928304779
FBgn0259244,-1.46834692720179,2.1944423688316204,9.93478969378015,0.0016218396402733599,0.0120256489116391
FBgn0285925,-2.66440133141432,6.3405662557709,26.472846232957696,2.6726870967655397e-07,6.1015907772001506e-06
FBgn0003944,-3.16075863555423,0.311822875728672,15.7505882752379,7.22654631179718e-05,0.000855914063721376
FBgn0000014,-1.36302108728295,4.21627741735997,23.8349009405555,1.04961971993837e-06,2.0200540097864398e-05
FBgn0014141,-1.43275479222836,4.43421826931617,30.563417226880198,3.2312945872539596e-08,9.128620355073379e-07
FBgn0025456,-2.73269976631265,3.2182937545998995,47.551037130927,5.35903991654975e-12,3.6547286870381004e-10
FBgn0038506,-2.68748769375748,0.359705323650861,11.9262595714608,0.000553481926540469,0.00486546058084467
FBgn0028670,-1.87833524076103,4.70965132174494,26.014574148208197,3.3884970593327396e-07,7.43455697013845e-06
FBgn0038632,-3.7450534578216406,2.43391826389302,51.5022393290022,7.15154797170141e-13,5.8008806161369e-11
FBgn0038652,-1.7757808371627302,3.2032204538005002,22.9441422415693,1.66777648287365e-06,3.0457437096369898e-05
FBgn0038660,-1.3819946348674899,1.6490683896273703,7.010628497091651,0.0081027230575147,0.0436142425401142
FBgn0261113,-1.3128623344955,5.606840752404059,26.0719065242273,3.2893543483422897e-07,7.276677067706799e-06
FBgn0038680,-2.34976839499709,2.25508158976222,24.81001346198,6.326794591523249e-07,1.2903045655512301e-05
FBgn0038681,-2.43761691952796,1.2470958070534701,8.43403829652609,0.0036826159165173297,0.0232076330889647
FBgn0261285,-1.4901336297799799,3.23506819962128,16.8954679383897,3.94957706940683e-05,0.00050583877610214
FBgn0038701,-1.7521403638740802,1.4321620338169199,7.79796463481249,0.0052305119575897395,0.0308063537922504
FBgn0038714,-2.4981735565447,1.9471423425729901,22.410500822548105,2.2016697492552202e-06,3.8644718041435404e-05
FBgn0038715,-2.2832035245146,3.8673456089893996,37.504780447025794,9.11892105876782e-10,3.93694708775109e-08
FBgn0038716,-1.9416700038792198,1.94943529670009,8.79609896490049,0.00301875344497132,0.0198342458385329
FBgn0038720,-1.46525757216824,4.488170325749129,33.7914846005964,6.134680032264711e-09,2.15357439690027e-07
FBgn0038721,-1.36244312742391,3.3874874459538997,16.658353658623298,4.47527858598517e-05,0.000564453007355215
FBgn0038799,-1.37756656860171,5.741249955803619,57.80461392137779,2.89489897569903e-14,2.9803541666163e-12
FBgn0038809,-1.3934731609534499,4.79991387338765,26.0852423981342,3.26671311919968e-07,7.2415522499525895e-06
FBgn0015279,-1.1600255131247,3.81401656596273,14.1762800915642,0.00016645571346266298,0.00175244967949335
FBgn0051195,-1.3296278788426201,4.547374607700981,26.5178526428557,2.61113859621764e-07,5.973816442244081e-06
FBgn0038842,-2.40679558129808,4.85487239830901,90.821609994546,1.5722680273707e-21,4.975440642899479e-19
FBgn0002921,-1.17683007262402,7.04765303588993,27.272272525847804,1.76727603613433e-07,4.1496106401075305e-06
FBgn0000083,-1.2289125641253402,5.749250962253241,41.028161771407206,1.50051445630054e-10,7.76135665874874e-09
FBgn0038866,-3.3288514809366805,1.9224599947391399,36.6041450738958,1.44723647177329e-09,6.029401129679629e-08
FBgn0000527,-1.4898292443891201,1.81417578262019,9.544606361658381,0.00200537828925413,0.0141729594078993
FBgn0038878,-1.19860335906498,5.33113541430746,36.3037508694078,1.6883860806416102e-09,6.95290375593451e-08
FBgn0001234,-1.77886257656223,3.65257312960002,27.071667203924104,1.9605039397541803e-07,4.58321303121136e-06
FBgn0038881,-1.06473604207577,4.20106294641559,17.1284929081413,3.4934272365936304e-05,0.00045614787100253606
FBgn0051176,-2.08996122209089,0.802723885641,10.082436200687699,0.0014968929141625199,0.011223552123206002
FBgn0262144,-1.8437152481666899,4.26052111577838,42.3419988250956,7.662918807820491e-11,4.273274566423641e-09
FBgn0038924,-1.5441246218113203,1.8237707803163201,8.17865913855156,0.00423860797500118,0.025962686263351003
FBgn0038972,-2.07681056416201,1.57533597130191,13.400832530247099,0.000251512640794894,0.00249809447587285
FBgn0039006,-1.4362736163602299,2.60939971134681,11.7567108790485,0.000606242603717394,0.00524316604038945
FBgn0051151,-1.00510389671382,3.3025460402478397,7.71825332334123,0.00546652592711243,0.0320186504932127
FBgn0039048,-2.5836277019858103,2.0607036590896,25.5430283964263,4.32626403363411e-07,9.20900775509352e-06
FBgn0039054,-1.9519639717305601,1.0786081217939,9.588952196660921,0.0019575162335191396,0.0138997051443077
FBgn0004644,-1.69412603008108,3.7108413036083503,30.063731361831397,4.18077637822682e-08,1.1355647442190001e-06
FBgn0002622,-1.0113111166561,6.73770858730129,46.196804479604396,1.06951274692232e-11,6.9824835251813e-10
FBgn0262009,-2.55436647742854,5.82274070699085,63.8012861527826,1.37623700111817e-15,1.9647159427962998e-13
FBgn0262010,-3.3973879888837404,3.9926790061776205,32.842897864716804,9.991544029272572e-09,3.32234353793234e-07
FBgn0039084,-1.94265322910534,2.9200108020641697,25.0244065713973,5.66091855515337e-07,1.1701053083016802e-05
FBgn0051145,-1.85262248280843,2.7584703865080398,20.3132260422338,6.57445500251668e-06,0.00010367111886884599
FBgn0039098,-2.77415214656847,3.68272772771362,60.7914982609423,6.3451356482886195e-15,7.89969388211933e-13
FBgn0039099,-3.7896861585372,4.72266221685269,22.993253567048303,1.6257090433801901e-06,2.98055937114242e-05
FBgn0039113,-1.86799674190439,4.52756920000753,50.200129263273794,1.38838667598089e-12,1.06945727623938e-10
FBgn0015513,-1.43110159176195,3.9259808227839303,22.880816507798702,1.7236353858242599e-06,3.1279600128848e-05
FBgn0085384,-1.5573461786743101,3.14762507635392,20.0641757703935,7.488636902570931e-06,0.000116204109153372
FBgn0025574,-1.1136276779296201,2.65932183794286,8.12780092306961,0.004359158756262821,0.0265492109233822
FBgn0001098,-1.50187679614961,5.5655637141384995,33.8347093272698,5.99988058627505e-09,2.1201558230114502e-07
FBgn0039161,-1.67138013693583,1.87593447552921,11.9006841011608,0.000561133319414865,0.00492013723165637
FBgn0086365,-1.3160297751169099,3.5912775396138,18.4426563423667,1.7509427204740602e-05,0.000249299783352604
FBgn0019952,-1.60130504266685,1.83323577916435,10.3196936229291,0.00131618136768397,0.0100875833241176
FBgn0039232,-1.36641553266931,3.1097751499282795,16.138831724769698,5.88646446359542e-05,0.00071458475069973
FBgn0039257,-4.04476380298953,5.535335242923269,40.4953277821431,1.97086763762747e-10,9.90707971646824e-09
FBgn0266719,-1.05010765375306,2.93221207577829,8.3173652767265,0.00392678365774424,0.0244158377604341
FBgn0039293,-1.06316110690971,2.37282789661607,6.823401134131959,0.00899710642167643,0.0469537739652746
FBgn0039316,-1.62044232885124,1.88810498185124,10.7895593840676,0.0010207417583178,0.00816822272519333
FBgn0039324,-1.07296239987743,4.979779461525349,27.8227341372362,1.32954597714164e-07,3.21341958854528e-06
FBgn0004509,-1.0122294187576701,4.78790237632792,21.3257034219313,3.875008373304319e-06,6.402733742742181e-05
FBgn0053494,-1.31751325911281,2.6584509608167797,11.7031465066902,0.000623945006732816,0.00538756386055505
FBgn0039359,-1.32280124479499,5.64937099915094,31.9916975789903,1.5483290446806002e-08,4.83322422198109e-07
FBgn0051380,-1.3753571931528201,3.22724615587823,17.181957930779,3.39646864250697e-05,0.00044675663090076395
FBgn0027865,-1.35304269696441,2.39993480088496,9.734148587810802,0.00180875778489389,0.0130677257779075
FBgn0039419,-2.33819745592705,2.10521487404626,17.8064756107746,2.4454952865345397e-05,0.000331862078997786
FBgn0262473,-1.86949777424245,2.63852346987106,22.482094642880803,2.12111576729523e-06,3.75384901164133e-05
FBgn0004359,-1.41016270500381,2.00791081906055,9.74545730949577,0.00179766404767392,0.0130051276746247
FBgn0285963,-1.7226782147358,3.16100336912705,20.829616599951898,5.0200642279482495e-06,8.142896050630709e-05
FBgn0039464,-1.1827120327928702,4.6044574400100196,24.6167745411685,6.99402612741288e-07,1.4076134914701099e-05
FBgn0039466,-1.42045869593819,2.7095884044672998,12.067320607847,0.000513133961673043,0.0045746255850402
FBgn0039467,-6.464181124406401,-0.293769927823279,22.3729582270396,2.2451303012213602e-06,3.93430607777039e-05
FBgn0029170,-3.228914150271,0.350160138852986,16.4738189561584,4.93265371166255e-05,0.000614115387101987
FBgn0003495,-1.57093847187424,3.0993795577298395,20.4799646939282,6.025872305229709e-06,9.62970369732754e-05
FBgn0039489,-2.51501187848749,-0.0546353876675515,9.29038957501162,0.0023035916601990103,0.0158309087970159
FBgn0042111,-1.28675827552919,2.44633196817833,9.66871985688961,0.0018743186826786398,0.0134506234151744
FBgn0039529,-1.66917323942224,4.414249964885009,12.8047751550817,0.00034573576469503197,0.00329048251785752
FBgn0039543,-1.5409560132752702,1.79086227557781,9.29660634474876,0.0022957874668330398,0.0157902054806581
FBgn0265274,-1.51080311074803,4.59314700438625,27.437783903446398,1.62230410967671e-07,3.86000224495744e-06
FBgn0039620,-2.83439707238948,3.3175560413322596,54.0386220288522,1.96587194491745e-13,1.69746700921219e-11
FBgn0028671,-1.3664488287455498,5.45208557201934,35.7051707424925,2.2955392061496e-09,8.966795633452099e-08
FBgn0039655,-2.14614782902395,4.759057655385741,69.4069068072021,8.0107651742392e-17,1.45375021560304e-14
FBgn0039688,-1.0778602007458,2.74495312363514,7.89898497813086,0.00494625454383991,0.0294219707782744
FBgn0039697,-1.02609820257116,2.85581799106946,8.04271028341661,0.00456871296629221,0.0276368416554185
FBgn0002626,-1.02918088316335,5.9031169847124305,31.970806247174696,1.5650703744535102e-08,4.85716188384745e-07
FBgn0039758,-2.93571286495119,2.04146920919853,33.809104991475394,6.079367175003809e-09,2.14117711653835e-07
FBgn0039776,-1.4358613808807599,3.3612424590793997,15.545519775635901,8.05422917438427e-05,0.0009408680009343971
FBgn0027654,-2.4124500108568196,0.767389938918432,13.1719437816729,0.000284171814422812,0.0027761200885265
FBgn0039807,-2.1439588464063304,1.04755684344774,12.284571350399899,0.00045671828672476,0.00416334936881737
FBgn0000416,-1.1473996336001102,8.78427924349746,30.4185146923642,3.48188984235001e-08,9.6832713096212e-07
FBgn0016123,-2.0157119451763,4.35657789135973,56.8190378886472,4.778181339483701e-14,4.52743253113734e-12
FBgn0010808,-1.1020652588534199,2.8064415462524503,9.23718018440049,0.0023714987023135802,0.0162558492994056
FBgn0051004,-2.16073027308848,3.1865229647042996,32.3668448298483,1.27645881548032e-08,4.11657967992402e-07
FBgn0040629,-3.8450110439795,4.36647179261988,61.258011281007796,5.0064431571870305e-15,6.30635139811783e-13
FBgn0039870,-1.77373930208215,1.24299632110796,9.59254512905489,0.0019536894991409397,0.0138898761403068
FBgn0035131,-1.25622656759501,2.7157353514879103,10.2297895886489,0.0013819042682301401,0.0105085575283666
FBgn0035132,-1.4960993407882401,4.81065318468865,37.0391022482004,1.1578388309861302e-09,4.89999223848558e-08
FBgn0035146,-2.60490892895744,0.9469396333734371,16.2312404693286,5.60619601267871e-05,0.0006860061795171531
FBgn0054056,-3.7549413784467705,1.04241773709858,25.9561454086876,3.4926183964163497e-07,7.634024510404511e-06
FBgn0264272,-1.97934259863866,0.529726099067798,7.94788917823796,0.004814349626544289,0.0287812626752706
FBgn0035189,-3.1516764292441497,1.1500665357123798,16.2375872371034,5.5874466548594396e-05,0.000684494180018079
FBgn0010246,-2.29110168382179,5.00424190920418,24.9914445640439,5.75852717602841e-07,1.1879874850430901e-05
FBgn0004635,-3.4790152813332895,0.6152003178199571,19.6733129657905,9.18755276861347e-06,0.000140530182133635
FBgn0026372,-1.0879916919286,6.3468153963753,49.6638974528724,1.82472947884564e-12,1.3758717274648e-10
FBgn0027594,-1.03816026737781,5.914616652586349,35.6988124360849,2.30304361557797e-09,8.966795633452099e-08
FBgn0004636,-1.1666612472600002,4.08853695946312,18.3086857691392,1.87848740313933e-05,0.000264296512817514
FBgn0265988,-1.20795143489219,4.61796356174442,26.724813160499,2.34589628210618e-07,5.42494848650343e-06
FBgn0010909,-1.34343377843724,5.09795118100351,35.3194779446048,2.7981953969744e-09,1.0700099326930302e-07
FBgn0261602,-1.05313979001493,6.512793583811059,48.7144597106444,2.9607546975889702e-12,2.14194598291115e-10
FBgn0035383,-1.63184868271178,2.3682297308604303,14.1113486220275,0.000172301107820631,0.0018033508909437899
FBgn0027616,-1.18890376096901,2.7158018239653905,9.47273438246512,0.0020854828598254,0.0146038358274366
FBgn0004888,-1.05874723857741,4.56847478181371,18.9627196979363,1.33297641127623e-05,0.000197675601600202
FBgn0004910,-2.3129050913917797,0.952463593346105,12.3427722952423,0.000442697106642675,0.0040512460861736104
FBgn0027552,-1.7554313787787301,5.53125820237257,83.92469081798221,5.139857780107099e-20,1.39156768809695e-17
FBgn0035499,-1.21126438247384,6.42177124054039,54.102676437209794,1.90281901568139e-13,1.6563807480407e-11
FBgn0001257,-1.32398174713115,3.5924690817932703,18.314463085321602,1.8727993235645998e-05,0.000263842925755344
FBgn0066365,-3.08010202491489,1.66143763772327,26.0290759894112,3.36314006082591e-07,7.40928819573313e-06
FBgn0014073,-1.87179743034513,3.5565694588354506,30.4626041627576,3.40364701409731e-08,9.509856217499849e-07
FBgn0262733,-1.4603698779266798,3.04841667273681,14.5484014281739,0.000136604504873974,0.00148339192057367
FBgn0035587,-2.18827708711793,0.6871027188944471,10.5182036563845,0.0011820433058547099,0.00925833041388908
FBgn0052423,-1.07561331703516,5.892206755142911,33.5265860151175,7.02965177168417e-09,2.43580846341173e-07
FBgn0016031,-1.2110125901251498,3.3327213409966405,13.718813680346999,0.00021231693541241101,0.00214662646596854
FBgn0035600,-1.26376917144193,4.1960244902828,20.1279210242807,7.2431538743259295e-06,0.000112557980453422
FBgn0035611,-3.58304157540434,1.5225858167401298,34.1719959320163,5.0449755094467e-09,1.8126359993169802e-07
FBgn0010894,-1.0379627831364202,3.8689128390264904,12.4465568342522,0.000418763085764085,0.0038619262353799
FBgn0015766,-1.25304310921176,7.60542102313249,47.0125420031954,7.05338926264228e-12,4.6907229090131e-10
FBgn0052412,-3.11209599450211,3.4267637975729706,62.98860178451199,2.0790624206390604e-15,2.8909767971146004e-13
FBgn0035695,-3.43511555738098,3.44719778867395,59.0194370746134,1.56122138952541e-14,1.74124973100505e-12
FBgn0035696,-2.21424387234629,4.43030798659152,50.0893054924295,1.46905466140111e-12,1.1235120185443998e-10
FBgn0263973,-2.07736482877435,1.8621797902693602,17.364346110892,3.0856027541619705e-05,0.000409387220431378
FBgn0005626,-1.7233112051378,2.42445844497935,15.563332283503803,7.97870098373935e-05,0.0009356840244567051
FBgn0001104,-1.00088623740392,3.03412627816839,7.950218900591509,0.00480815605174493,0.0287602943273927
FBgn0053556,-1.49882057797019,2.40708479088786,11.580946290604201,0.000666310256886363,0.00569822996843634
FBgn0035756,-3.56725228735413,4.9221886879020795,34.95624177071689,3.3719871632411197e-09,1.26237295653226e-07
FBgn0035770,-1.15085799346368,4.38444642990745,18.1964783848881,1.99246912707244e-05,0.000278867541745943
FBgn0063083,-3.57301667521477,0.5968866358969761,20.6171966017721,5.60900220229262e-06,8.97691877129253e-05
FBgn0259935,-1.5166389901629498,2.99068871311891,16.8480473158695,4.04949720624433e-05,0.000516166268895929
FBgn0268063,-1.58407833104666,2.2789562329279502,12.368543860961699,0.000436628004904878,0.00400941342068313
FBgn0035802,-1.06807773460915,5.767028893620629,32.7701207997326,1.0372703831175899e-08,3.42779444198768e-07
FBgn0035817,-3.01713681419613,2.9372353101343704,58.6566181478093,1.87735574026117e-14,2.0303886778763997e-12
FBgn0016694,-1.50536428072451,3.7850353619519,25.113892074253002,5.404212785528051e-07,1.12355157853687e-05
FBgn0250833,-4.93654364193412,0.18274120727470397,24.139457128941498,8.960537975311492e-07,1.7571516502135598e-05
FBgn0035875,-3.37295984624486,2.47526218417175,40.596246322811204,1.8716587000156003e-10,9.452759292956128e-09
FBgn0052354,-1.27222840898399,2.09252024507521,6.9177848721671,0.00853426267001263,0.0453030988635723
FBgn0035896,-1.2024275711927899,3.06011871210667,10.336556256103199,0.00130421113882598,0.0100206626408824
FBgn0001168,-1.42346626273124,2.10074677974265,10.0898208747305,0.00149090598022376,0.0111943410450601
FBgn0266084,-1.6777997518823302,2.4733796793157596,17.021564773554402,3.69576840112177e-05,0.000479528657820405
FBgn0040827,-1.31911369031977,4.69924267657033,32.0085321090896,1.53496924293983e-08,4.80553090180021e-07
FBgn0035977,-7.16585217349222,0.24184810154169395,32.259029591030995,1.34928588340722e-08,4.3124787921316795e-07
FBgn0001229,-2.03489313381468,3.0773420958392204,30.900284969260603,2.7163188927182798e-08,7.86043956333368e-07
FBgn0010408,-1.0366209799845099,5.020574282825129,17.903838005875897,2.32352064994428e-05,0.00031813216878457003
FBgn0267348,-1.9154299767342702,3.72717499209131,32.682131051549895,1.0853038742837e-08,3.55362341955829e-07
FBgn0036039,-1.4257033443282,1.7543120590396597,8.64670506434988,0.00327653360644223,0.0211463805450133
FBgn0036072,-2.36083284159371,8.07558869494419,125.985794736495,3.0969218231471995e-29,2.76322849670309e-26
FBgn0036091,-3.98145404729852,10.830713287968099,64.09212081059239,1.18735449113098e-15,1.7415074707588198e-13
FBgn0036106,-3.49007582945507,5.57174608527907,23.5820165964505,1.1970101036381399e-06,2.24848897888659e-05
FBgn0036144,-2.34359991845051,2.5522208932595,22.4713583896003,2.1330045586649602e-06,3.7686600345917e-05
FBgn0041094,-1.14762264982971,4.546429994645281,11.5201803216224,0.000688447112381838,0.00586412349425007
FBgn0036198,-1.0664034866431802,3.01012785050232,9.002775266343019,0.0026956993689658698,0.0180293270251116
FBgn0036205,-3.01756773565195,1.1164954668638798,19.6351781809369,9.37275460026411e-06,0.000143158464343834
FBgn0004381,-2.38906497469,1.6956833777706102,20.621406506051603,5.596681911517121e-06,8.97060976446314e-05
FBgn0036299,-1.12550580646341,4.7518655116380595,24.835582652491603,6.243425939923929e-07,1.28061995284992e-05
FBgn0036316,-1.5008494502524299,3.6877104838058,24.3647696668788,7.971322594390959e-07,1.58936594074756e-05
FBgn0036335,-1.69120842801723,1.1841283641658402,8.100951258050701,0.00442420334989468,0.0268994578462932
FBgn0286213,-1.05259618964054,6.08055681994763,39.9526789112074,2.6019047919860196e-10,1.27791718384377e-08
FBgn0011284,-1.06885732403297,6.26615208237087,16.306522489616,5.3878180360525e-05,0.000664601010507075
FBgn0023095,-1.16465034546467,4.05642222265476,16.714037508073098,4.3458246742309794e-05,0.000551312142025962
FBgn0260049,-1.05310409823075,3.8558563188747,12.5109338082564,0.000404577340332958,0.00376351831706775
FBgn0036373,-1.03543506016517,2.82679209285971,6.78948950040666,0.00916961267606874,0.0475443307131564
FBgn0036422,-1.91938322851392,1.74901662858798,12.261439084033501,0.00046241476484033204,0.00419938497637442
FBgn0087007,-1.02683319984363,4.85451797136232,16.9336376646817,3.87095258362213e-05,0.000497554493551527
FBgn0036433,-2.4522001855897004,1.3505473279912201,16.497951111435,4.87026750537284e-05,0.0006077617037299179
FBgn0259175,-2.29578965476427,2.82833734868186,28.6702392100775,8.58124194066157e-08,2.17208882881001e-06
FBgn0036461,-1.93655119261722,3.2835272687560098,26.709396871311696,2.3646873185685898e-07,5.45661791377455e-06
FBgn0263767,-2.79072251550278,5.462583051797769,14.4619896448471,0.00014301655587958202,0.00153897312944994
FBgn0029114,-1.77032069611694,3.84297885168289,30.971922492053398,2.61788310144609e-08,7.700459990984409e-07
FBgn0036493,-1.26535917855075,3.1975854904666,10.746008566251199,0.00104504471026806,0.00834399232873982
FBgn0004396,-1.19817919763317,3.7626535297354198,14.474239862402401,0.000142089432619575,0.00153374327674232
FBgn0261722,-1.0793627670666601,3.6169441796555297,12.135107568201098,0.00049481414382312,0.00444460993113603
FBgn0263607,-2.47354515606862,3.19312271976308,43.370347546726705,4.53001060520884e-11,2.66499030494347e-09
FBgn0036589,-1.36801840613882,1.56336031027728,6.948569567932661,0.00838862817027664,0.0447741983146321
FBgn0266417,-1.46273235668558,1.8821383977880402,9.10000702921428,0.00255608512497454,0.0173434749259204
FBgn0036622,-1.45851153852074,1.48771227666655,6.71685143560409,0.00955060887983292,0.0491626775367168
FBgn0026061,-1.7570207510269698,3.31479382411054,24.857562428966,6.17264150150557e-07,1.26853114312131e-05
FBgn0261547,-1.5792202564171498,3.79110187565258,28.284310362853198,1.0474151293224199e-07,2.58999394680258e-06
FBgn0010424,-2.10077065015206,1.28596246347806,12.5509323405113,0.00039600867061279104,0.00369343626851146
FBgn0260943,-1.53669809974513,2.54821943791937,9.22068301987359,0.00239296257901433,0.0163820014920118
FBgn0036716,-3.78252200804416,0.8440458916727289,26.0213188104011,3.37668001975655e-07,7.42384249928818e-06
FBgn0027660,-1.02840766124835,3.9463513611225896,14.042800252998099,0.00017869665508075301,0.0018611917178498198
FBgn0036741,-1.35350563590969,2.7997439490857,13.2217321162738,0.000276721769690426,0.0027182201725462303
FBgn0052191,-3.5116077409744304,0.354872984030313,17.9771080145673,2.2357756518771303e-05,0.00030729717464247
FBgn0036756,-3.39752482561423,1.27378840863041,13.9793073721871,0.000184833697691275,0.00191024556098503
FBgn0036759,-2.2315142642405803,0.296043006242382,8.74854807867442,0.00309848651226812,0.0202166332034459
FBgn0036765,-1.9834236107523502,0.5542220487950289,8.27340456663633,0.00402299976375119,0.0248984153008578
FBgn0036769,-2.5208196601866897,1.06387001261129,15.8849393790516,6.731223937862071e-05,0.00080888007522659
FBgn0036770,-1.09128997088514,4.25000546502352,17.843278445851897,2.3986504124585603e-05,0.000326332274030416
FBgn0036773,-1.1135773458771998,3.33298179670743,12.0995630502416,0.000504336402549928,0.0045039658919730895
FBgn0052195,-2.78744774161449,0.129616385031624,11.4718358055514,0.00070658847786617,0.00599005766628114
FBgn0011706,-4.48976979334614,0.568291739905334,26.1214360339077,3.20604890731264e-07,7.1366248753838695e-06
FBgn0036816,-1.19650554923869,5.82938605505468,24.2033261731114,8.668244767430892e-07,1.70295223348408e-05
FBgn0036834,-2.13905294132227,2.22130761035937,17.3998115081056,3.0285600661296003e-05,0.000403318316269274
FBgn0036843,-1.7350832951813102,2.2339248889561,15.5516471705277,8.028167116011959e-05,0.000939534364689371
FBgn0036844,-1.18695075269218,2.1159706718052598,7.211869488316901,0.00724230194938662,0.0399658223863166
FBgn0036921,-1.00325086710977,4.00444035107793,12.042888932363802,0.000519903332201446,0.00461575868812677
FBgn0262057,-1.39262232279066,2.27547908689824,10.2955265857425,0.00133353093384279,0.0102059440376374
FBgn0037007,-1.1088846875973102,4.15825330241589,17.9730817781148,2.24050968798394e-05,0.000307553041400565
FBgn0011591,-2.0532036918718,1.7542577332420302,14.2091429642133,0.000163573803563311,0.00173232909471056
FBgn0020294,-1.34737284571777,2.13683097610404,9.48965462789838,0.0020663371452595103,0.0144982121980954
FBgn0270926,-1.43578499351834,3.30378513161201,7.497071752924191,0.00617993954037276,0.0351960705631762
FBgn0053056,-2.22671876076545,1.2628271262659598,14.2820486422001,0.000157358432490138,0.00167645446435016
FBgn0012034,-1.488614208017,1.9557274804962301,9.750560012966869,0.00179268094995228,0.0129866271523268
FBgn0037074,-1.8297467209103302,4.371592712442251,46.68326234955,8.343863031327151e-12,5.514675399779001e-10
FBgn0028663,-1.1605384021196101,4.872649916786,23.390477459475,1.3223149961006e-06,2.46226550665201e-05
FBgn0037108,-1.08175701014247,3.1408234467131,9.689818777913779,0.0018529181347386398,0.0133059654383948
FBgn0037146,-1.73474849239883,2.82166376890699,12.9455693191981,0.000320679559699392,0.00308215084892405
FBgn0037166,-1.81405110957593,1.6549296234395803,12.1608443265292,0.00048803279570509004,0.0043988014676400395
FBgn0010348,-1.04031613883193,6.1393064886516395,33.3844109560379,7.56277510678495e-09,2.6120849376886e-07
FBgn0037203,-1.5169614990432798,4.10249410246841,29.4728890604619,5.6704377278689e-08,1.49172915853298e-06
FBgn0052457,-2.6547513689835,7.00306903864434,75.299561386643,4.04449485850476e-18,8.83763396938988e-16
FBgn0024733,-1.1117493769072901,6.729524518971241,36.0456982902019,1.92743818441577e-09,7.78757760020362e-08
FBgn0040056,-1.51238854153516,2.01518549892836,10.9801242594472,0.000920942547909368,0.0074757633513765
FBgn0262116,-1.4109602468398899,3.9555418207154,23.9574868695822,9.84865545252139e-07,1.89999196270534e-05
FBgn0026238,-1.36634341763423,1.95523636961969,8.684534806258089,0.00320921480233521,0.0207619715338991
FBgn0033010,-1.2440036651633999,2.41052355137015,9.33929980430816,0.00224291206830763,0.015479800775353
FBgn0039970,-1.10109274848883,3.2758437297396403,10.0788079260786,0.0014998433580128599,0.0112378046425778
FBgn0033032,-1.08561446055499,4.62188916631884,22.511863066649198,2.0884982195929e-06,3.7083831570781395e-05
FBgn0033033,-2.5866109573994303,3.64593236146289,55.2292956632197,1.07258162256687e-13,9.815496951131211e-12
FBgn0033075,-1.7217815282530502,1.88247653451442,12.2755896069731,0.00045892164408772,0.0041747443018243105
FBgn0262736,-1.43885043823205,7.39919609117329,10.0526457799079,0.00152129299033322,0.0113587754864001
FBgn0033128,-1.8362718774398703,4.0660581624120296,41.5487133545185,1.1497012344819701e-10,6.1549255587992105e-09
FBgn0033130,-1.13663261997518,3.56207258262034,13.4203896553608,0.000248903991992436,0.00247677977905484
FBgn0002930,-1.20223214749665,4.09601250282105,19.3683764884947,1.07777080706874e-05,0.00016253087368007
FBgn0003174,-5.00055881391586,1.50818850826423,48.528256221898005,3.2556406565266804e-12,2.33947278586786e-10
FBgn0033158,-4.2557581880282305,0.387594849029634,23.690892272721896,1.13116593031947e-06,2.1526829075069103e-05
FBgn0025885,-1.5675438004481101,8.229541609061629,137.344162096539,1.01396415298263e-31,1.3570642732481298e-28
FBgn0010548,-1.6602390544185799,6.41328193548778,98.35723688696122,3.4932187266740896e-23,1.49607571625998e-20
FBgn0033196,-2.8354262676797597,1.9627578021504,21.2216830435109,4.09109959927484e-06,6.73898513991318e-05
FBgn0042135,-1.34121022110755,4.7402099061125895,31.724862094789902,1.77633602635198e-08,5.41858399833353e-07
FBgn0001091,-1.0081562821028,4.698011256432901,20.659405143237,5.48670057200679e-06,8.820736189861359e-05
FBgn0033234,-1.5291674527102501,1.90677543449004,8.56822312062052,0.00342080844404864,0.0218927650988815
FBgn0014469,-1.5277392391011297,1.21776413496914,7.24892205575454,0.00709435870807412,0.0392960676085616
FBgn0027585,-1.3231534110931202,3.85462160685026,20.822676934767898,5.03828656398986e-06,8.14878160734735e-05
FBgn0011746,-1.99964288919965,6.17786159054671,74.343091798418,6.56546141426359e-18,1.37836069338275e-15
FBgn0050345,-2.18318721884348,1.5366119328947199,14.7396058438363,0.000123426084422496,0.0013627232399917699
FBgn0033387,-1.26682509897111,4.27523907599913,18.8250408565016,1.4327368298073801e-05,0.00020928121741811201
FBgn0015037,-1.67366156279614,3.5337856786212796,28.123295433288803,1.1382746478263399e-07,2.8017256676497897e-06
FBgn0033402,-1.42874440932426,3.0993288826719505,16.8959254918319,3.9486251286625705e-05,0.00050583877610214
FBgn0028473,-1.14067671285285,4.81204385725566,26.5636453993362,2.5499725957393603e-07,5.8463718592251195e-06
FBgn0016078,-1.08339606891747,3.45596403905622,10.200009287196501,0.0014043994647267,0.010641829489616998
FBgn0029092,-1.18399767089054,2.34797216234216,7.4707143627014005,0.00627106633780643,0.0356960697920752
FBgn0004360,-1.5261297068100899,3.39022840792892,21.4046885244428,3.7186073811868697e-06,6.17288825277021e-05
FBgn0285949,-1.12766593932257,5.54646172815102,30.915428663969497,2.6952057568636204e-08,7.84173044530946e-07
FBgn0033431,-1.28912142051752,6.0087748188061205,59.11084825736361,1.49035339995182e-14,1.6797067213983401e-12
FBgn0033437,-1.34638726022871,2.18391140743054,8.77460936108199,0.00305452567926145,0.0199785011898915
FBgn0033438,-2.36315196118904,2.07001876741151,23.614030322560396,1.1772600697642099e-06,2.2230905761843802e-05
FBgn0033443,-1.56182434123821,4.7032154232803896,47.2141313713525,6.3639967478668495e-12,4.25870707371315e-10
FBgn0033448,-1.04591176337636,3.2308940346147503,8.256531221304291,0.00406056424163192,0.0250584791557078
FBgn0004907,-1.13967993134502,6.38744905300699,47.859064463535006,4.57984756621692e-12,3.16364050912804e-10
FBgn0033494,-1.57597914800862,1.48021712664193,7.380534528276111,0.00659335709316725,0.0371553023139693
FBgn0033518,-1.0875940584925299,7.378533832637019,72.127272095013,2.0175608226719602e-17,3.9276406778815795e-15
FBgn0033519,-2.06832215430874,1.5050997569507198,14.634344469152,0.000130514259499986,0.00142593487394525
FBgn0033543,-1.57292107314832,1.82263063290539,10.4587387967679,0.00122070592424093,0.009489879293587
FBgn0265346,-4.566302494375059,2.15888087091541,60.3034875453265,8.13032217002971e-15,9.78105162634922e-13
FBgn0003382,-1.56296544058826,1.09100437483716,7.00042717158707,0.008149026772152991,0.0437351527064872
FBgn0050026,-3.6202159357387798,1.86600012773689,38.0305619177886,6.96451122163314e-10,3.1331521701691605e-08
FBgn0015872,-1.27702282320942,5.01713075593527,32.1415304812494,1.4334020292200801e-08,4.52726711706767e-07
FBgn0040491,-1.08955078782018,2.75210340933675,8.48782721961853,0.0035753053913656603,0.0227050977611815
FBgn0284245,-1.1079669272183001,9.27410356945184,52.9870878654933,3.35748229002424e-13,2.79855467550846e-11
FBgn0025454,-7.59826621144681,0.397850163979598,32.2258153274329,1.3725492785699699e-08,4.3607967731895197e-07
FBgn0033717,-1.1625828569181598,5.17662142844725,30.9291332112708,2.6762407974783302e-08,7.829101152623091e-07
FBgn0033739,-1.7214889199962602,0.660196446746083,6.935453347625309,0.00845036417517355,0.0450235037633208
FBgn0010238,-1.46089835378532,5.32491396524649,43.714340557915605,3.79977245675148e-11,2.28562717384484e-09
FBgn0033755,-1.78502028847355,3.73764197120182,28.895301555551896,7.639800505569251e-08,1.95225164709141e-06
FBgn0033760,-3.0388863400405,0.20569324056223395,14.0258900940977,0.000180310804901384,0.00187072460085186
FBgn0261545,-1.14057995656069,3.31812221020728,10.041386867944599,0.0015306192341546401,0.0114204460906576
FBgn0003326,-3.42924687329,-0.14780378241509803,13.6477553655457,0.00022050476615280898,0.00222311161129767
FBgn0033788,-3.88585259619748,2.04559183492154,30.0714569905801,4.1641537484676406e-08,1.13449349070847e-06
FBgn0033814,-2.9130593747584,6.59457526283104,38.6269735488213,5.13049698256626e-10,2.3987873883116602e-08
FBgn0033875,-2.91199183429271,6.261878397013151,24.720511450118998,6.62750767554239e-07,1.34141256487774e-05
FBgn0013733,-1.90444919923968,5.60898906296839,18.186321601491002,2.0031233406778e-05,0.000279263562612463
FBgn0013770,-1.5718060222258503,7.55938295487392,41.8925073188731,9.64314492987376e-11,5.2678139165386895e-09
FBgn0050069,-1.344595883163,3.13766811531523,14.8123436246349,0.00011875564869351202,0.0013244965943348301
FBgn0033912,-1.0959454566345699,6.14271061985844,36.2450600066704,1.74000510926404e-09,7.138020959727991e-08
FBgn0033926,-2.5177204042958503,5.6066702160155,122.59818566285401,1.70752607111843e-28,1.21883210956434e-25
FBgn0033927,-2.605233969577,1.8248701066251698,24.421460840363398,7.74016401979146e-07,1.55194637003571e-05
FBgn0050197,-4.02252907099425,2.4230847142540095,46.069096328431606,1.14155001808214e-11,7.362997616629829e-10
FBgn0033978,-1.6464189285331898,0.827138668696353,6.6782608515037,0.00975958015759879,0.0499740912230561
FBgn0033982,-2.02289490596284,0.711672080491165,8.68818493765906,0.00320279412785754,0.020732960536257998
FBgn0033987,-1.1444601649357,2.85760378325103,9.86714137387465,0.00168256729036777,0.0123646176924967
FBgn0003328,-1.9192476272098202,5.29998002746582,56.5161501962579,5.5738689306698404e-14,5.23503637198965e-12
FBgn0022097,-1.84507403249439,4.540524787918231,56.9496805861897,4.4710691153439e-14,4.35197609254429e-12
FBgn0050090,-1.0922991334002399,3.69027426439342,13.4899464708667,0.000239845037567663,0.00239330924253212
FBgn0050089,-1.6626011734345503,1.37872744653236,6.842396466990429,0.00890193390088051,0.0467305707396931
FBgn0034067,-2.48600708991065,1.2082331278016298,17.0777182247807,3.58808162685846e-05,0.00046679939220867
FBgn0010052,-3.03937417576234,2.35809443111603,39.26424981564,3.70157028844789e-10,1.7852573458744e-08
FBgn0034085,-2.19648655358157,1.7337218540336998,16.4036783225475,5.11858037363079e-05,0.0006350479728906701
FBgn0034117,-2.4801015577072,2.07157905819487,25.869979553112998,3.65204918961737e-07,7.96384738762387e-06
FBgn0034138,-1.17840364015136,6.43407660422332,26.3210769840445,2.89116224294239e-07,6.516984028459829e-06
FBgn0034142,-1.0764257467076999,2.8956322316348397,8.44918751519781,0.00365206558272005,0.0230966722942608
FBgn0013763,-3.9536290841967405,4.75189572256852,127.44657790181999,1.48340570857194e-29,1.4438931746981598e-26
FBgn0010591,-1.0738313078471602,3.85912858074438,11.767178261918199,0.000602842944460978,0.00521797850149045
FBgn0034194,-1.5721327264265599,3.13785733286492,18.947422205792503,1.3437070955621099e-05,0.00019856555729649099
FBgn0034198,-2.14468969041946,3.21812975802336,29.5408912128847,5.474934634824929e-08,1.4479157231391702e-06
FBgn0034200,-1.7749749208715901,2.45411190010915,17.237027089728,3.2994274525412605e-05,0.000435597653937846
FBgn0050101,-1.39929830135373,3.3934681617558398,17.9106554499454,2.31521242480899e-05,0.00031740050489667
FBgn0050104,-1.94812736301399,6.2869197153554905,119.282742318295,9.081661519771249e-28,6.077334368261919e-25
FBgn0034304,-1.00242866813252,2.71556406286596,7.2838518649560795,0.00695771850759985,0.0386592070891913
FBgn0063493,-2.3722346569966604,1.16431037906722,9.6044593286234,0.00194105419436877,0.0138183957839803
FBgn0027835,-1.00035642857526,5.57378563656807,28.697331572914802,8.46202515086299e-08,2.14698822962773e-06
FBgn0028496,-1.6807248219241202,4.07228730368805,32.037646137938104,1.51213643113104e-08,4.747931017044021e-07
FBgn0259682,-2.831257450736,3.7313679115969904,65.467298106056,5.908632820075621e-16,9.30348994184554e-14
FBgn0034389,-1.95040795989174,0.52697607494406,7.51926019159813,0.0061042744960771705,0.0348764498556554
FBgn0010651,-2.02039134419428,3.6204026718206097,33.7387043527984,6.3033989504262595e-09,2.20557165235993e-07
FBgn0034394,-3.46383276110982,3.4693240175631703,77.8796858740658,1.09511865225938e-18,2.54900769776982e-16
FBgn0034399,-1.06522000142888,3.10785529449853,9.54345702551034,0.00200663440902995,0.0141729594078993
FBgn0010053,-2.4162307238955,3.40837919594059,43.3184315214333,4.6518094678666e-11,2.70823629957216e-09
FBgn0034408,-1.9520533373846998,1.54763793837706,13.5791327252363,0.000228713883195954,0.00229722283994285
FBgn0034417,-2.8157814835179003,5.51445516971974,97.2470596085878,6.11948148252654e-23,2.52004954743891e-20
FBgn0000578,-1.90889106407621,3.41312584249189,32.3484499555785,1.28859958446077e-08,4.1432539792256797e-07
FBgn0004003,-1.7044692589786599,2.9971903654889,22.9773261768003,1.63923408687003e-06,3.0002186954046802e-05
FBgn0034432,-1.15573533676099,3.8244200360433798,11.795978374198699,0.000593588086580354,0.0051713162270267295
FBgn0264753,-1.7274621765229699,2.17303023230909,15.1558026564909,9.89936083891802e-05,0.00112280144599889
FBgn0034443,-1.9369397699292,0.931514473098766,9.727742720137499,0.00181507263046643,0.0130908250796159
FBgn0260934,-1.1497258278345701,4.83375791732948,25.955564477214303,3.49366957140022e-07,7.634024510404511e-06
FBgn0034470,-2.74952443788524,2.4618449223509,34.9269400596183,3.4231159826608696e-09,1.2770488789669002e-07
FBgn0034480,-1.4843495852300101,4.7281068160501105,40.8432202144665,1.64944497918707e-10,8.450051383806701e-09
FBgn0004364,-1.2269292104836202,2.5496921863624302,9.516800694557949,0.0020359922327570002,0.014322844176168999
FBgn0034494,-1.6266657818035901,5.47111555820003,21.9182965748482,2.84508351213907e-06,4.8739694663156894e-05
FBgn0050147,-1.7329040993583602,2.37602897440771,16.3155734671035,5.3621456655062296e-05,0.000662197158484143
FBgn0034530,-2.2108381514821898,1.3613652661159399,14.144829347023402,0.000169261668126036,0.0017784933077776898
FBgn0040653,-1.04408375347096,4.71237757984252,20.1552833779595,7.140274831990871e-06,0.000111282274564958
FBgn0265937,-6.96080578077029,0.115527786489914,29.402705483982302,5.879550386381941e-08,1.54294965654391e-06
FBgn0034618,-1.02436261563007,3.0787849282609,9.03188088242884,0.00265311356617317,0.0177988013490076
FBgn0000395,-1.46508627988921,3.14587102794922,18.0717562538319,2.12733765201253e-05,0.000293901990194815
FBgn0010470,-1.2666252589483502,4.4060319371584,17.1389518382185,3.4742435761037e-05,0.000455866739820372
FBgn0013272,-1.53113547617433,6.76780573416331,51.8166257402217,6.093365352483979e-13,5.01858944838815e-11
FBgn0034723,-1.4457479874990702,3.39423673264949,19.9343779724635,8.01461402766241e-06,0.000124006462997372
FBgn0034733,-1.04899470444512,4.34944016754169,15.2698098474141,9.31941687902841e-05,0.0010671978237835
FBgn0040091,-2.11180673513773,2.4301888489024703,24.863917966289996,6.152324277532071e-07,1.2667872315295402e-05
FBgn0034753,-1.32162123312486,7.5830398439092805,99.7571518310842,1.7227739669346498e-23,7.68572535998719e-21
FBgn0028371,-1.2317696267681102,3.3227133816404404,14.2051542563235,0.000163920896516903,0.0017327054193701
FBgn0010078,-1.04716898401674,5.93779418161795,37.7252056104695,8.14453576114767e-10,3.5899058295139506e-08
FBgn0034797,-1.1358283680434198,5.0682602664120004,30.1550263227002,3.9885213237172595e-08,1.08941576053675e-06
FBgn0034804,-1.0180165627754,3.1296605973013403,9.085920083732448,0.00257584860202707,0.0174133655373135
FBgn0041712,-2.63717475700759,1.4836478471052599,20.7178991244636,5.3216228367179395e-06,8.582649781705841e-05
FBgn0034861,-3.9922483496035897,2.09249815135801,42.8723876454386,5.8429574589843e-11,3.3543727122496696e-09
FBgn0034885,-3.02243774758667,0.21504084477239396,13.9405435652758,0.000188684431646045,0.00194441213631781
FBgn0266377,-1.16961988651173,3.2611351872549905,12.667971355871801,0.000371972907910656,0.00349974861599244
FBgn0034897,-2.5139419653922297,2.6964666241860495,38.4333341421709,5.66563474558011e-10,2.61473927676406e-08
FBgn0034901,-5.03032651080617,2.16986893916207,68.7035441881613,1.14435077644532e-16,2.0086170103934502e-14
FBgn0024234,-1.3703627007041899,3.935269546354,24.045361136883397,9.409267340929889e-07,1.83506421528846e-05
FBgn0005612,-1.68841355791073,2.67317232207844,18.711578615866102,1.5205636387247598e-05,0.00022060535067514901
FBgn0034958,-1.7870493404362198,3.37745188238828,27.743086626213103,1.38542411771368e-07,3.33342382659784e-06
FBgn0011695,-1.97682254290029,5.743766662827309,91.1849735837375,1.3085015078326598e-21,4.37816426386383e-19
FBgn0034968,-1.21901343741226,6.14421639909337,41.3185553276545,1.2933533076295e-10,6.759228920944379e-09
FBgn0023170,-1.0682622582177501,6.185052901906179,25.365986337996898,4.74206137412965e-07,9.95553943780512e-06
FBgn0035049,-3.07695745385635,3.5932550871760296,75.226963048688,4.19597649157406e-18,8.9852640590567e-16
FBgn0000157,-2.04600767201567,0.40302345124607897,8.47441438866807,0.00360176314383882,0.0228595601547612
FBgn0035085,-1.8330674520031203,2.7497393661227996,22.6967456170033,1.8968886013490899e-06,3.4077158145377e-05
FBgn0004055,-2.3773186408466698,3.4063201802973997,45.0228842068586,1.94745285366543e-11,1.22655162965858e-09
FBgn0000316,-1.09157232573097,2.46903170471599,7.140182216454249,0.0075375499661412,0.041152070989367004
FBgn0004648,-1.7387119018234802,5.04916668533795,62.337122669985,2.89417728051481e-15,3.87349451780901e-13
FBgn0025638,-1.1931369424645801,3.1869599684094703,11.252067326433401,0.000795343834595907,0.006580947787494879
FBgn0025637,-1.04776792747456,3.7820590997354198,11.465320907544598,0.000709069856143188,0.006005411845146471
FBgn0040382,-1.1327290883448402,5.13793020479829,25.847399266890697,3.69502219114831e-07,8.04117939037093e-06
FBgn0015288,-1.4348308343081102,4.59728394575043,31.1313667966988,2.4114303958329103e-08,7.152128877613009e-07
FBgn0259993,-1.86098873061014,0.30203285870444396,6.802459238732059,0.00910323999452725,0.0472885073544013
FBgn0029535,-2.58001969249558,3.57467598168249,57.6122539804932,3.1923059698002604e-14,3.25524000177633e-12
FBgn0040343,-1.29836747717563,3.89330054498523,21.3835669980232,3.7597995328926596e-06,6.23160582022936e-05
FBgn0040340,-1.26794753706642,4.7161845020968896,28.790114865541803,8.06617579839736e-08,2.0562986731771598e-06
FBgn0040398,-1.8922394582506201,0.34784971966805195,6.830727500775191,0.00896027623952451,0.0468445691877876
FBgn0024986,-1.11655977821993,2.57668894879781,7.69345103235855,0.00554215532338089,0.0323730807678337
FBgn0024985,-1.44757538382989,3.43182931564542,18.7378258049162,1.4997776130747699e-05,0.00021788492405958702
FBgn0013720,-1.1956356855848798,3.87484782587655,16.4550200547242,4.981808730424221e-05,0.000619249857181648
FBgn0000667,-1.1778380011102199,4.0454780201657,16.6088685247751,4.59357220485021e-05,0.000577948032871107
FBgn0025631,-1.43168024574758,4.28917006046411,18.7814256932747,1.46587821591422e-05,0.000213539565412157
FBgn0004397,-1.03443464971939,4.401526000045219,17.3341661116986,3.13499404766745e-05,0.00041542551074722004
FBgn0029608,-2.62828607172263,1.7896625573862601,24.8165678924365,6.305317995622599e-07,1.2883786217391499e-05
FBgn0029648,-1.0398230147901502,4.421745262833539,18.8998353657058,1.3776455731056198e-05,0.000202338150222797
FBgn0267910,-1.07590958711281,4.1869827043459,15.8491069822066,6.85989014564832e-05,0.000820657472507895
FBgn0015286,-1.1300384974116,3.1517701553430295,9.697179832241911,0.0018455102627082801,0.0132794881604957
FBgn0000542,-1.0807816485589001,2.81293392158686,8.43143460644606,0.0036878927048732703,0.0232195185594625
FBgn0019661,-1.46182700167896,3.8524936793389704,25.505134355327602,4.4120722972399207e-07,9.35446694783126e-06
FBgn0285910,-1.1603252275061497,4.79768237088828,21.1391472978003,4.2711317739354204e-06,7.013958267412039e-05
FBgn0029687,-1.06973420602635,4.99793611029391,23.711998306062302,1.11882840617094e-06,2.1384100343380398e-05
FBgn0026084,-1.5292165206268897,7.417190558937941,41.486214400011,1.1870506001724e-10,6.29195582972567e-09
FBgn0000635,-1.6938320927659398,4.18672601793743,37.6628842572614,8.408941727457721e-10,3.65994061284105e-08
FBgn0029713,-2.47924395678569,0.256167640849269,10.337466588443199,0.0013035680676649198,0.0100206626408824
FBgn0029762,-3.07929726104474,5.586137184387339,106.54221658434601,5.60849127964798e-25,2.8595293395805196e-22
FBgn0029766,-2.36069224326216,1.97204384040295,17.561564374793903,2.7815397373865503e-05,0.000371345959703214
FBgn0013987,-1.1936655243208703,3.77101298366314,12.771518682602197,0.000351936989795864,0.00333468084048169
FBgn0029804,-1.31854988853023,2.14429924128186,8.78503528437992,0.00303711690646642,0.0198995831358163
FBgn0000042,-1.2784486039454,9.567877920492972,91.91761943712558,9.036088949805208e-22,3.22498014618548e-19
FBgn0029831,-1.27754639389335,4.5681241905296,22.199831291143305,2.45695384937879e-06,4.27749672606483e-05
FBgn0029843,-1.95182213154751,2.7554772579686295,26.098880057235498,3.2437210792799395e-07,7.205502405778081e-06
FBgn0250869,-1.66063060090287,3.86219435197582,29.1002747787524,6.87272361130502e-08,1.77744569338751e-06
FBgn0014026,-1.05400970204906,6.4197863058959195,47.9997037547143,4.26283562794198e-12,2.96377799145291e-10
FBgn0085446,-1.08803847201249,6.128712868963209,38.246902798492705,6.233593859279059e-10,2.8401314660128e-08
FBgn0062413,-2.46627763576758,4.64268974618866,68.96006392976051,1.0047761672140101e-16,1.79302307039341e-14
FBgn0029894,-1.87507920616573,0.644686816931987,7.63701815443144,0.0057182368916332705,0.0331304991335051
FBgn0029898,-4.411321063163469,1.30459167803862,37.3838238752464,9.70235222160624e-10,4.1341457670047997e-08
FBgn0003390,-1.6162446968545,2.97082853778373,20.167222745577,7.09584518455448e-06,0.00011075104138633401
FBgn0261284,-3.72876899445319,0.756389797781246,24.0979894479896,9.155583910427471e-07,1.79089435860683e-05
FBgn0027108,-1.78802115615955,3.86202147845469,36.3129041446886,1.6804750926271e-09,6.94704510299549e-08
FBgn0029932,-2.46944096501845,1.9188123508328798,12.303073113791699,0.000452213108494347,0.00412774573968369
FBgn0029943,-1.6067722706435201,1.10056803007768,7.193865082868579,0.00731532422186948,0.0402700135956589
FBgn0259098,-1.91952097677216,0.8110591475787109,9.13192771652285,0.00251186911573892,0.0171194033241353
FBgn0261592,-1.00504582364216,6.4188002234632195,37.9711462129275,7.17986419408959e-10,3.2165190764065804e-08
FBgn0004404,-1.2752455634214799,4.0865214252205595,22.9373414579758,1.67368728911132e-06,3.0476479259378996e-05
FBgn0029990,-2.0121325047211798,3.61200941375412,34.0941807334572,5.25080605030115e-09,1.86778672360712e-07
FBgn0004657,-1.39307994503628,5.2111179402526,26.135222265510603,3.1832399117527105e-07,7.11543835806603e-06
FBgn0029994,-1.24548142723499,3.62709937913163,16.5161966376277,4.82362653599802e-05,0.000602643749369087
FBgn0265464,-1.64423774662978,1.58043102718795,9.38218834780166,0.00219103841770544,0.0152136500248847
FBgn0261873,-1.13356721354496,3.2540172171593498,11.353834211057197,0.000752923675368789,0.00631127678222769
FBgn0030027,-1.89575160547718,2.21979548487322,13.298462625230698,0.000265623830637871,0.00262122981994441
FBgn0052712,-2.05760900759534,3.33656537361158,33.6800339740018,6.49640622335891e-09,2.26570102389263e-07
FBgn0030050,-1.2807819692756102,7.034134420566291,84.7502778271825,3.38531533166935e-20,9.796370609779379e-18
FBgn0030052,-1.3645323219867802,3.11654883485956,14.636068713755,0.000130394911596109,0.00142593487394525
FBgn0041629,-2.3212855043790896,3.27566653539062,36.1827245146513,1.7965612355954301e-09,7.341901202106991e-08
FBgn0026411,-2.74279820636544,2.45924386670489,35.8619232737763,2.1180785610789297e-09,8.33759821818826e-08
FBgn0030065,-3.0857192096338304,2.43547018452028,31.8848372970692,1.6358917345499797e-08,5.018765845795599e-07
FBgn0011661,-1.86568890974862,5.6947027553939105,50.32833805772671,1.3005782691309899e-12,1.01690193011192e-10
FBgn0265413,-1.14472665038617,4.0910559371358906,18.663351590354498,1.55951347138318e-05,0.00022595007764681602
FBgn0040236,-1.06028377635645,3.8425955926332795,13.0206230257372,0.000308079302129706,0.00297976972710276
FBgn0261260,-1.20208454804322,6.512455052029481,48.861828199346895,2.74644141391303e-12,2.01411974101142e-10
FBgn0030136,-1.21444184113659,5.92741125898824,49.568596775820396,1.91555454463926e-12,1.43425472094074e-10
FBgn0001186,-2.03026884897633,5.133869497638611,64.5365249170104,9.47593787456726e-16,1.4494123831856e-13
FBgn0030159,-1.24484020457477,5.14908634681573,37.724508529512704,8.147446685083501e-10,3.5899058295139506e-08
FBgn0030160,-1.3718716343497899,4.54433952251284,31.0888098305721,2.46488301688771e-08,7.290470293319541e-07
FBgn0026415,-3.18158272428322,6.583495741973421,62.583961836463395,2.5532423623578e-15,3.46045138908418e-13
FBgn0030181,-1.33206318011831,1.79985966176254,7.521441362286071,0.0060968876801719895,0.034852843775547995
FBgn0259170,-1.23213913844704,3.5087239339801,14.0816097180527,0.000175046932268628,0.00182673245984425
FBgn0028480,-1.28951805010823,3.83156648590343,17.0104252743602,3.7175139973072604e-05,0.000481298940376891
FBgn0030208,-1.3245571901835502,2.61689221014792,9.78306687853994,0.0017612629863736102,0.012784978166171
FBgn0052687,-1.47605789153934,2.55426870534066,8.21498051185817,0.00415459613176935,0.0255504082612604
FBgn0030244,-3.6228341662596804,1.9378007417260101,42.369720916378604,7.5550676426839e-11,4.23518896597992e-09
FBgn0030245,-1.3753685762840802,5.8110341827291,15.0305117037349,0.000105786953052971,0.0011935309866577
FBgn0030251,-2.11723418081492,0.14441483683136302,7.784534727514499,0.00526953599627892,0.0310175491545675
FBgn0003366,-1.45947470094894,4.32356542482665,33.080643058636305,8.84145641831035e-09,2.9675697138197103e-07
FBgn0259101,-2.6920363602269703,0.41504366371291296,12.804933739193599,0.000345706459568336,0.00329048251785752
FBgn0030276,-1.2223067603210602,4.0886099431051095,18.1158776129658,2.07860934896995e-05,0.000287912940484104
FBgn0265595,-2.04281134688955,0.38256906079044395,8.283419617270349,0.0040008710621513704,0.0247901194805872
FBgn0030293,-1.4033154842482298,1.50409775556413,7.10357762130157,0.00769302472713068,0.0417693791852881
FBgn0001624,-1.1185558605135202,4.07332138159472,13.1887123742706,0.00028164034212618,0.00275670735682494
FBgn0001145,-2.5608165502984197,5.171695973477379,57.271803404732196,3.79557934251767e-14,3.833893209465721e-12
FBgn0030304,-1.8242180035854398,0.38482717985874293,6.73711411623651,0.00944272573683339,0.0487009944432924
FBgn0052666,-1.29604042063316,3.42297783418311,16.0250798703825,6.2508937598211e-05,0.000756252197586492
FBgn0030309,-1.3042165715922198,4.5968755215522,30.238942583461103,3.81962639319817e-08,1.04863435364033e-06
FBgn0030318,-1.8043186933906499,3.3850433953547103,26.3505663062359,2.84735411836001e-07,6.43177648634613e-06
FBgn0014133,-1.23592281895954,5.1235709108539504,38.1333632585145,6.60706846959731e-10,2.98488954025225e-08
FBgn0002577,-2.0683460376985,0.7850347343880699,9.37797788834957,0.00219607663788247,0.0152387508501669
FBgn0030362,-2.25833863064764,5.13392908736559,44.2670252056016,2.86501791668033e-11,1.75289981907979e-09
FBgn0030396,-1.8293295860148702,0.851669863577236,7.44401661031225,0.00636476857833548,0.0361142433323996
FBgn0052638,-1.04028483338544,4.205675718093279,14.236380631029599,0.000161223313630017,0.0017142184896093199
FBgn0283680,-1.2105073116568899,2.0872125789734097,6.915757618806841,0.0085439434114627,0.0453320129368341
FBgn0040309,-1.3704239920182402,4.8170695262243,37.3782486795382,9.73012733058008e-10,4.1341457670047997e-08
FBgn0010198,-1.1300974864579099,6.0131766647223,43.5761948268145,4.0776925314848e-11,2.43909798517362e-09
FBgn0030479,-1.15967049602551,2.61185609914696,7.666602956370539,0.0056252263283734,0.0327511138107091
FBgn0030484,-3.34511996750517,2.70948528045915,22.8044058333953,1.7935406868981097e-06,3.23835415423576e-05
FBgn0030519,-1.71954795616372,3.9900347984108198,25.1666980275389,5.2582387081748e-07,1.0953299970511199e-05
FBgn0030521,-1.3043299030780702,6.5407642018485594,67.1656330611838,2.49627963811357e-16,4.2424866802035e-14
FBgn0030529,-1.5590273513969402,3.90239834047127,26.395898633030896,2.7813042781562e-07,6.3225955214901e-06
FBgn0030574,-2.84487842423365,3.37888174027089,51.733309363730896,6.35749783826158e-13,5.1961625461272294e-11
FBgn0030575,-7.0695147169451396,0.0644775369262359,28.7111579885814,8.401824666864799e-08,2.13677759401714e-06
FBgn0030576,-1.18893504759969,2.62757564234528,9.651387530078651,0.0018920861220456898,0.0135426405622346
FBgn0030598,-3.60428209681918,1.03557222518427,23.7092394622235,1.1204333886836999e-06,2.1384100343380398e-05
FBgn0052594,-1.08522016624071,2.929109673639,8.79452702725812,0.00302135565169022,0.0198342458385329
FBgn0030603,-1.40202897212536,3.75622496625849,21.739577900289998,3.12281738033628e-06,5.29050722962983e-05
FBgn0030608,-1.07669596905663,4.86067503052591,22.670996347076997,1.92247915518261e-06,3.43639137137566e-05
FBgn0030616,-1.01567624166022,5.724677445083961,32.9464474670271,9.47326946483202e-09,3.15982231027902e-07
FBgn0030638,-1.2793392166042,2.2044968755215297,8.80082194656105,0.00301094864643884,0.0198342458385329
FBgn0027287,-1.26074525413932,5.2039912094052,28.319506892484302,1.02854274826813e-07,2.55512928206655e-06
FBgn0022710,-3.30770727121818,1.96449938150013,36.1242225363223,1.85131260068992e-09,7.53688365611674e-08
FBgn0030662,-1.3671348303741202,1.9544047139174099,8.09360210567316,0.0044421786791246105,0.0269636664411804
FBgn0001092,-1.4180344895421002,5.38008668350061,50.9055727527042,9.691803072410808e-13,7.74403996241064e-11
FBgn0003969,-1.21443163725208,2.87328243067536,10.8788679001945,0.000972676829169653,0.0078304141427966
FBgn0030740,-1.70256933986026,4.08097611562148,34.9010440373248,3.4689480600768105e-09,1.28965371108481e-07
FBgn0030747,-3.21995683118115,0.9440846447767299,18.9808223123946,1.3203891469474499e-05,0.000196080535317147
FBgn0267912,-1.72137187080276,2.87939316318521,19.466807540581698,1.0236310044690401e-05,0.000155021459191655
FBgn0010412,-1.1265033302161,5.690024206322111,37.6957508990085,8.26844727181311e-10,3.6134802016042e-08
FBgn0030769,-2.3710262572222502,0.8939295054123729,13.3096149550719,0.000264048581465169,0.00261049691758777
FBgn0030796,-1.1149535690263201,3.09990676165689,10.2237371529434,0.00138644638086808,0.0105338124889278
FBgn0002590,-1.1973772356785801,6.323151454451129,41.5320862500489,1.15952118870504e-10,6.176613615654139e-09
FBgn0024238,-1.65044086269869,5.8528275353381805,31.773923643758103,1.7320259852358504e-08,5.29851492112009e-07
FBgn0030870,-1.18135768643375,5.04298451165729,28.625546229106003,8.78159772473227e-08,2.21234274914608e-06
FBgn0030872,-1.63254689361501,0.9727209756944829,6.89083207156039,0.00866389304604395,0.0458321654367552
FBgn0030890,-2.08607780613579,3.1835898529169304,33.3188346227112,7.82213720633249e-09,2.6843468932116e-07
FBgn0022355,-1.73108220351109,6.780975684905571,81.59779942418041,1.6679976424611199e-19,4.15331412972819e-17
FBgn0030932,-1.31150201294785,3.4807175277798397,17.6498111524065,2.6554163944739e-05,0.000356285004205915
FBgn0030958,-2.02815659139528,0.5738029208297559,8.705362120756,0.00317275382906515,0.020575817836342
FBgn0264090,-2.6716233955257795,2.01035714247431,27.5317609416573,1.54535807110192e-07,3.69333680073398e-06
FBgn0085359,-1.84402490985618,1.0309981055158999,8.63338982051863,0.00330056836048078,0.0212630477952273
FBgn0030993,-2.32622156525711,2.19280736860068,26.0358412723557,3.35137586908888e-07,7.39859410934735e-06
FBgn0031002,-3.96058205005326,1.0189183982610002,29.793707741264896,4.80549121211996e-08,1.2960300858480699e-06
FBgn0031069,-1.7201130135698401,3.1362046824827403,15.8326168557764,6.91993096181782e-05,0.0008269163036627621
FBgn0052529,-1.07978197583645,2.58271281070888,7.798619777144,0.00522861582657734,0.0308063537922504
FBgn0031092,-1.34045943068896,2.7477347472558797,12.5441067013869,0.000397457827658128,0.00370372581439128
FBgn0052506,-1.35514911332755,2.6729737254260804,12.097249652209198,0.000504962527216967,0.0045055281490933895
FBgn0031118,-1.01250969358854,3.4983811760275603,9.85795754216945,0.00169098733614333,0.0124075321621913
FBgn0031126,-3.9077248622662095,1.44560148673593,35.5518808230766,2.4834713970902896e-09,9.634249365451369e-08
FBgn0025814,-1.6364094596295602,1.6042519406261297,9.09434040472395,0.00256401662382198,0.0173752696147227
FBgn0031170,-1.28645141393305,3.83986229159081,16.8388547568227,4.0691589696508706e-05,0.000518055708538072
FBgn0031213,-1.26747145894925,2.88253874532789,11.4293628585687,0.00072292471665317,0.00610919884862312
FBgn0031220,-2.75120399383757,0.8946740630610129,17.1299666568102,3.49071767144147e-05,0.00045614787100253606
FBgn0025683,-1.4238683979882898,4.240121956953979,14.474089096343802,0.00014210080606410602,0.00153374327674232
FBgn0001142,-3.4063260691110404,2.55870320522367,35.264585401038104,2.87818475701021e-09,1.0966805762743199e-07
FBgn0031229,-1.16581769217122,2.54694483541029,8.18125074624115,0.00423255666694489,0.0259553174301139
FBgn0003963,-1.3231980415398998,2.43618334095346,10.070553816406699,0.00150657740086359,0.0112724837393756
FBgn0031268,-1.09405481748482,3.2641546257149905,10.3257258080481,0.00131188659545036,0.0100626732251656
FBgn0031276,-2.67518658287706,6.8840175376384005,59.3634251474384,1.31082861964383e-14,1.5091443043576899e-12
FBgn0040725,-2.3937359966175897,5.8141611091127805,25.0929668845571,5.46317511587757e-07,1.1336088365446e-05
FBgn0031277,-2.11000635015641,4.97156775973627,71.92494337062341,2.2354032627177e-17,4.274011202485421e-15
FBgn0053126,-2.07443645375232,5.86943956613083,123.675539821274,9.920936045175268e-29,8.17103555659166e-26
FBgn0011570,-1.05913855876955,3.68648531299595,12.7857887834036,0.00034926246741305296,0.00331814839271655
FBgn0031356,-1.12203990521427,4.8551743075508496,24.3812525477564,7.90340882852042e-07,1.57876489415985e-05
FBgn0264494,-1.20941815457923,3.57510802723353,15.6734035706354,7.5275277947139e-05,0.000889594261567348
FBgn0031389,-1.25337507669728,2.145432531755,8.352870995589651,0.0038507839525736103,0.0240270068649217
FBgn0004507,-1.2956289547478201,5.195684656539361,35.7820561211387,2.2067099840496803e-09,8.65466805832233e-08
FBgn0031397,-1.78214972317727,1.24422392613002,8.74291285493795,0.0031080763691582,0.0202545183716232
FBgn0031453,-1.61247660151499,3.39903594042138,22.94181488085,1.66979691562241e-06,3.0457437096369898e-05
FBgn0031457,-1.35931066097303,3.23662415840311,15.191510911029,9.713912709290409e-05,0.00110452735401964
FBgn0283531,-4.66075626857449,2.11782886770138,35.046381549136,3.21944669236254e-09,1.20949528895178e-07
FBgn0031474,-1.4289295601605,2.58422420728703,12.2822767188033,0.000457280177241919,0.00416334936881737
FBgn0010263,-1.5373640635361498,6.16801748532001,45.4819649650223,1.54050796283571e-11,9.759892756261512e-10
FBgn0031515,-1.7296109730165201,3.88721847960553,31.216716612211197,2.30770284557734e-08,6.88261124445587e-07
FBgn0031530,-1.25450820810981,1.80225092612974,6.7614764309783695,0.00931466611596434,0.0481332674245319
FBgn0261560,-1.0091705837304001,3.8586594572109,10.297963339586401,0.0013317711390792401,0.0101997665136777
FBgn0014396,-1.7707537734287102,3.02813454667385,11.1782151516181,0.000827633509056615,0.00681651690882244
FBgn0000721,-1.2508536940336101,3.9887407353527897,17.3267171066801,3.14730654701703e-05,0.00041602729875199197
FBgn0031571,-2.5727652192979704,3.20185370716474,44.2689025396447,2.8622716630298202e-11,1.75289981907979e-09
FBgn0003941,-1.1083235650986598,5.9283658596246305,30.8587715601423,2.7750498524726803e-08,7.9872200995766e-07
FBgn0020762,-1.23035345140594,3.84831521197486,16.658145738658,4.4757691533069705e-05,0.000564453007355215
FBgn0265909,-1.96934436282933,0.200559580809121,7.08348421710174,0.007779759677849891,0.0420908978629302
FBgn0027560,-1.46376245174034,4.25688793940336,30.3853384685854,3.5419514995695196e-08,9.79939914880899e-07
FBgn0011603,-1.9199609906276,0.782878441589586,9.06441528972008,0.00260631864232181,0.0175497068888847
FBgn0031645,-1.2809666141221001,1.9064572207356598,7.12683342879038,0.00759387219817699,0.0413568614577218
FBgn0041150,-1.02426874539663,6.80566654178524,41.0052112106604,1.51823860067766e-10,7.815279181469108e-09
FBgn0031649,-1.05608393683844,6.25585185185866,43.317464387803106,4.65410926609954e-11,2.70823629957216e-09
FBgn0083962,-1.08129355135515,3.98564750659575,15.003997961515601,0.000107283650481718,0.00120787176204811
FBgn0003716,-1.65208774799615,3.3823595833525,17.7560611477057,2.5111617117625102e-05,0.000338627310426212
FBgn0031693,-2.91816557699217,3.18497709594169,24.721564897845504,6.62388620901122e-07,1.34141256487774e-05
FBgn0031703,-2.0473132306696002,3.07877109886412,25.6785804249055,4.0327837349821e-07,8.67048503021151e-06
FBgn0031738,-1.6882715778701,2.66335047682219,14.343958955919499,0.000152267487447032,0.00162707384041454
FBgn0031741,-3.4177360288733705,4.43072792451689,43.481296337896296,4.2803100342245794e-11,2.5388776432424298e-09
FBgn0001128,-1.73894973889126,4.31002384407396,30.769723509658398,2.9053569818658596e-08,8.295375254623399e-07
FBgn0043854,-2.48825605951673,-0.0944068028473539,8.92742024085986,0.0028092085284345198,0.018670512547454
FBgn0031813,-2.18147989819662,2.7284104864881895,27.789976027025105,1.3522492677844e-07,3.2609308356233397e-06
FBgn0259111,-2.12184790070994,5.04331951158317,39.0467451470971,4.13778406254764e-10,1.95168519637434e-08
FBgn0031913,-1.56819081801819,4.5772132613241,44.526253499045495,2.50969126005262e-11,1.55325227291233e-09
FBgn0261800,-1.2847813744218401,4.05718708309962,14.801591432314101,0.000119434668563041,0.00132831821852124
FBgn0020618,-1.23127693639503,6.45034716042846,64.2759223675506,1.08159477389221e-15,1.6084215616755402e-13
FBgn0031971,-1.2486640678232201,4.76951017525986,29.0589956426124,7.020733898395059e-08,1.8113493457859298e-06
FBgn0031973,-2.1832542689093604,0.28422483323681397,8.73946793187846,0.00311395368451441,0.0202804757299853
FBgn0031980,-1.2138451939965602,5.7671460894516695,9.002642336588481,0.0026958954485106603,0.0180293270251116
FBgn0263256,-2.6912577880592994,2.30374566141471,33.923812980960896,5.731291316223821e-09,2.03195152724531e-07
FBgn0031998,-3.07820790594669,3.99944154306673,83.94521084333908,5.0867845527651503e-20,1.39156768809695e-17
FBgn0032002,-2.8618126939016495,3.34724113041373,47.48924793234839,5.5306464988533605e-12,3.74788810526727e-10
FBgn0032025,-2.51328332022947,4.26284209681602,82.2345801299259,1.2085681497395698e-19,3.156131507136961e-17
FBgn0032040,-2.24384594944248,0.8402639012613901,11.937212956793498,0.000550237308004039,0.00484091278290817
FBgn0004914,-1.00773404392799,3.14971687921705,8.32625766511919,0.00390760749922412,0.0243248566826701
FBgn0085427,-1.04970833003931,2.87116778776272,8.62372214044385,0.0033181312790931602,0.0213633383074266
FBgn0032075,-2.8333983530750095,2.94526117684917,28.633409851328203,8.74600886069212e-08,2.20857351111865e-06
FBgn0032078,-1.6978198917272902,2.59472870484309,17.798671968271197,2.4555457609612602e-05,0.000332383419249206
FBgn0032084,-1.25366296556937,3.4692842854634796,15.3392439085308,8.983089802150809e-05,0.0010341996292678
FBgn0052982,-1.0460189030311702,2.54311812607109,7.37322145247064,0.0066202232446541396,0.0372379273073148
FBgn0263612,-1.0333601479762,3.16761780183055,8.19572516568627,0.00419892076973313,0.0257785806660164
FBgn0032140,-1.3725156153612301,2.9070514687285094,14.1408430277646,0.000169620702569401,0.0017805184925593898
FBgn0032160,-1.2278909176054398,2.97770069379506,11.0850076870262,0.000870284620059374,0.0071076563134826205
FBgn0032161,-1.60481381982455,1.34454541939733,8.40979109263005,0.00373205542854848,0.0233952678416093
FBgn0032170,-1.0342574534573001,2.98103782186006,8.46430583509256,0.0036218344757743704,0.0229532782931986
FBgn0011272,-1.3927785240220703,5.761525063816769,60.024598908201,9.36792182301742e-15,1.11447043287831e-12
FBgn0053301,-1.80845306853603,1.23830368296454,9.741740451013749,0.0018013026186985102,0.0130226516802194
FBgn0032187,-2.18786417360923,1.94527076487306,20.257816988896998,6.76763761669161e-06,0.000106206198541001
FBgn0005593,-1.07247582258949,6.18025594920204,25.7896092119593,3.8073266551642606e-07,8.23536292865531e-06
FBgn0003942,-1.02373625991104,6.339880343140139,26.123179511935803,3.20315533907801e-07,7.1366248753838695e-06
FBgn0051719,-1.3973982950386203,2.11033280169214,9.07081293916247,0.0025972158038557102,0.0175115803601279
FBgn0267828,-1.2785091266911102,3.2302230433939805,14.730227187963099,0.000124041588333925,0.00136777887362651
FBgn0032264,-3.16036933752831,3.1790359903693397,66.1786195075875,4.11855907723214e-16,6.68142606665523e-14
FBgn0051721,-2.22644247280336,1.4366113065282602,15.6336255119193,7.68753457500432e-05,0.000906502562715542
FBgn0032297,-1.51962103566975,4.25975753718296,32.4099295427401,1.24846909046893e-08,4.0507147126214706e-07
FBgn0051869,-1.21025354463894,4.08187624118329,20.4311390894831,6.18157543938604e-06,9.84912622462891e-05
FBgn0015756,-1.06676300556966,6.18888178965758,41.5657218916788,1.1397421360859e-10,6.132270879935539e-09
FBgn0264750,-1.6157161273177498,2.14939320015376,11.653915366565,0.000640675477590391,0.00550097220413819
FBgn0032381,-3.85164912197759,2.28434479780277,56.8573846313551,4.6859104980232905e-14,4.50124675748171e-12
FBgn0032400,-1.71511879796824,6.12527907355391,42.220233305177395,8.15518933223809e-11,4.500907844343979e-09
FBgn0015797,-1.24553234588782,3.9290593632232405,12.5256264819666,0.00040140828572368,0.00373728566542908
FBgn0263235,-1.9947182330226298,0.7513506829651,8.12461790645136,0.00436681862049881,0.0265706128741622
FBgn0032420,-1.03820624914728,2.77146706531768,7.27086744947548,0.00700819486360071,0.0388590069417777
FBgn0032422,-4.37865742969338,0.486106246889298,25.6237980717915,4.1489090007734296e-07,8.88447373425622e-06
FBgn0043841,-1.5886200317174097,5.79460142447721,49.33580582349529,2.15689471820773e-12,1.6037410936006999e-10
FBgn0015399,-2.55890822488274,2.6617130261725297,37.7121539673806,8.19921098600329e-10,3.59790786996464e-08
FBgn0263598,-1.3307825692161102,6.32463217753569,39.082027947743,4.06367611504909e-10,1.93376800728136e-08
FBgn0262160,-1.57805815587498,4.499093419733169,44.08835575530151,3.13882610297754e-11,1.90951199344207e-09
FBgn0032521,-1.78468472764968,1.32952623282441,7.18755742313969,0.00734108443959317,0.0403288820393658
FBgn0024846,-1.7749607851526397,1.16539147493183,8.61941228040365,0.00332599142663517,0.0214010758443406
FBgn0027844,-3.4345936013001697,0.525114012685489,19.41905703289,1.04954530751679e-05,0.000158721491632518
FBgn0028543,-1.91883615056924,1.167619507462,10.059326400087699,0.00151578637007091,0.0113255580351355
FBgn0003016,-1.03755189622979,4.10060715782661,14.294460686914801,0.000156324220585599,0.00166709504961156
FBgn0001987,-1.11108440144707,3.35775773828567,10.4785484674203,0.0012076860378457698,0.00941784006352122
FBgn0024734,-1.4562850532162401,2.00399076225426,9.91414392309524,0.00164013409052841,0.0121444783591201
FBgn0028506,-2.4566130911045896,1.27422134989059,16.1765284265481,5.7704704524359704e-05,0.000702894506646552
FBgn0028523,-1.3387357527083898,2.2874765613531296,9.880947071997811,0.00166998961132972,0.0123172192963292
FBgn0020414,-1.6885577743048399,7.48308577922696,83.902178542553,5.198721165954809e-20,1.39156768809695e-17
FBgn0284248,-1.06510011980933,4.91379913221641,23.6633581570775,1.14746632185089e-06,2.17449945275354e-05
FBgn0004797,-1.6306367405809299,2.02161397609941,12.680499726961,0.00036948880637146603,0.00348196976390746
FBgn0032612,-1.8978355741911,3.1236399498839,21.433669711139398,3.6628229062714205e-06,6.0897274623366504e-05
FBgn0032629,-2.9479925502341198,4.11102982000199,39.920745018857495,2.64479259573261e-10,1.2930499690643402e-08
FBgn0260632,-1.45525098900078,3.32858404808227,19.130955496607896,1.22049225800467e-05,0.000182511321319218
FBgn0032665,-1.33863244887382,1.75551250172899,6.75056516212286,0.00937179941361046,0.0483818015050758
FBgn0000636,-2.19004249088682,4.5283355665592095,58.4437005077549,2.0919234493066502e-14,2.2398224371726298e-12
FBgn0032682,-1.57102757804647,1.5959511915657698,8.52259528581531,0.00350763917810362,0.0223682505538746
FBgn0032694,-2.3131794317153798,3.0813753689754098,39.198224675414,3.82888225699772e-10,1.8383785796266602e-08
FBgn0032704,-1.0837671108251,3.9456815699209797,14.5959344751502,0.000133201603679075,0.0014493796449104302
FBgn0032715,-1.5768126330491699,1.5210579696041102,8.60697048499752,0.00334878861141568,0.0215089860002566
FBgn0032731,-1.3183010636279098,3.0389002041548503,13.6939745873715,0.00021514364872569398,0.00217315381783585
FBgn0046302,-1.010581133257,5.34060918125502,25.8258322934094,3.73653994991092e-07,8.11503716910673e-06
FBgn0032752,-2.6773304182412203,1.27018201206707,16.4536304886077,4.9854616315548795e-05,0.000619249857181648
FBgn0032772,-4.14182584730393,4.01766976219887,101.36039513153,7.66817439575025e-24,3.5697018806651295e-21
FBgn0041180,-1.9019072395601202,2.8109708809571003,23.4534595504736,1.2797238642508e-06,2.39127459241419e-05
FBgn0032835,-2.9075875859077502,2.7109959906194003,30.467311969291398,3.39539714802654e-08,9.509856217499849e-07
FBgn0263355,-2.13270663667997,2.2167693933508796,21.6200207505933,3.3236436039482497e-06,5.60413418385416e-05
FBgn0032881,-1.53370314315404,1.66623104590171,8.52010998559473,0.0035124326090666897,0.0223854856817126
FBgn0250785,-1.33912080712474,3.4328120667661,15.337240590053899,8.99262029371742e-05,0.0010341996292678
FBgn0032897,-2.3867012178533797,6.57534709755324,32.0665413641467,1.48981159594004e-08,4.69159198756764e-07
FBgn0032899,-1.5099277129091901,2.2960131160065402,11.6951607872959,0.000626628548118643,0.00540637539460621
FBgn0032900,-1.4146115155335102,3.69756375350477,21.6027754302666,3.3536618912563597e-06,5.637451693348771e-05
FBgn0032987,-1.22550287342304,6.428382808438849,55.094593418980104,1.1486643704319002e-13,1.04226689950969e-11
FBgn0064225,-1.28990988646726,6.90075198318743,54.8974770043713,1.2698391347677e-13,1.1330139679964801e-11
FBgn0267417,-1.1840309987043403,3.91472822254598,16.7826576757092,4.1914619406620794e-05,0.000532992672193217
FBgn0267491,-1.76986978230066,1.09999809771161,8.88890347904616,0.00286908986509722,0.019044851323990003
FBgn0017545,-1.0503907287115,7.16169661591603,41.187016126060705,1.38338433986795e-10,7.1902408383330915e-09
FBgn0052000,-1.1183908046206399,4.06035452590013,10.5465303737376,0.0011640639841946,0.009144264914726
FBgn0051997,-4.23973980809852,2.0853408473877,57.1351974591905,4.06858617751639e-14,4.05323251253457e-12
FBgn0039890,-1.11935871767972,3.6870366006824,14.2280388693065,0.000161939534484132,0.00171885670382831
FBgn0016126,-1.69533758402962,3.0246812120406097,21.215339857824603,4.10466145174651e-06,6.750938581236539e-05
FBgn0026199,-1.6129893906711998,2.64631214567135,15.877444849955499,6.7579328441641e-05,0.000811179226036604
FBgn0023213,-1.1169210750381398,5.528683179918049,28.1105973799588,1.1457674899829901e-07,2.81370011817612e-06
FBgn0039927,-1.5231194122333402,4.13522804388589,27.2845597577782,1.75608107784777e-07,4.13238683527827e-06
FBgn0013680,-1.14078255898695,3.1792940021943803,10.335946341162598,0.00130464217067246,0.0100206626408824
